-- phpMyAdmin SQL Dump
-- version 4.8.2
-- https://www.phpmyadmin.net/
--
-- Host: 127.0.0.1
-- Generation Time: Mar 09, 2019 at 05:47 AM
-- Server version: 10.1.34-MariaDB
-- PHP Version: 7.2.7

SET SQL_MODE = "NO_AUTO_VALUE_ON_ZERO";
SET AUTOCOMMIT = 0;
START TRANSACTION;
SET time_zone = "+00:00";


/*!40101 SET @OLD_CHARACTER_SET_CLIENT=@@CHARACTER_SET_CLIENT */;
/*!40101 SET @OLD_CHARACTER_SET_RESULTS=@@CHARACTER_SET_RESULTS */;
/*!40101 SET @OLD_COLLATION_CONNECTION=@@COLLATION_CONNECTION */;
/*!40101 SET NAMES utf8mb4 */;

--
-- Database: `njcit_blog_db`
--
CREATE DATABASE IF NOT EXISTS `njcit_blog_db` DEFAULT CHARACTER SET utf8 COLLATE utf8_general_ci;
USE `njcit_blog_db`;

-- --------------------------------------------------------

--
-- Table structure for table `categories`
--

CREATE TABLE `categories` (
  `id` int(11) NOT NULL,
  `category_name` varchar(1500) NOT NULL,
  `created_date` datetime NOT NULL,
  `created_by_id` int(11) NOT NULL,
  `updated_date` datetime NOT NULL,
  `updated_by_id` int(11) NOT NULL
) ENGINE=InnoDB DEFAULT CHARSET=utf8;

--
-- Dumping data for table `categories`
--

INSERT INTO `categories` (`id`, `category_name`, `created_date`, `created_by_id`, `updated_date`, `updated_by_id`) VALUES
(1, 'IoT', '2018-11-30 00:00:00', 1, '2018-11-30 00:00:00', 1),
(2, 'PhP', '2018-12-01 00:00:00', 1, '2018-12-01 00:00:00', 2),
(5, 'Javascript', '2018-12-01 00:00:00', 1, '2018-12-01 00:00:00', 1),
(8, 'Ardiunos', '2018-12-24 15:58:21', 1, '2018-12-24 15:58:28', 1),
(10, 'Css Tutorials', '2019-01-19 19:59:15', 2, '2019-01-19 19:59:15', 2),
(11, 'languages', '2019-03-01 19:38:34', 1, '2019-03-01 19:38:34', 1),
(12, 'Java', '2019-03-01 22:01:18', 24, '2019-03-02 14:47:11', 1),
(13, 'Python', '2019-03-02 15:23:52', 1, '2019-03-02 15:23:52', 1);

-- --------------------------------------------------------

--
-- Table structure for table `cn_categories`
--

CREATE TABLE `cn_categories` (
  `id` int(11) NOT NULL,
  `category_name` varchar(1500) NOT NULL,
  `created_date` datetime NOT NULL,
  `created_by_id` int(11) NOT NULL,
  `updated_date` datetime NOT NULL,
  `updated_by_id` int(11) NOT NULL
) ENGINE=InnoDB DEFAULT CHARSET=utf8;

--
-- Dumping data for table `cn_categories`
--

INSERT INTO `cn_categories` (`id`, `category_name`, `created_date`, `created_by_id`, `updated_date`, `updated_by_id`) VALUES
(15, '汉语-中国', '2019-03-03 16:39:41', 1, '2019-03-03 16:43:08', 1);

-- --------------------------------------------------------

--
-- Table structure for table `cn_posts`
--

CREATE TABLE `cn_posts` (
  `id` int(11) NOT NULL,
  `post_category_id` int(11) NOT NULL,
  `post_title` varchar(250) NOT NULL,
  `post_content` mediumtext NOT NULL,
  `post_status` int(11) NOT NULL DEFAULT '0',
  `post_image` mediumtext NOT NULL,
  `created_date` datetime NOT NULL,
  `created_by_id` int(11) NOT NULL,
  `updated_date` datetime NOT NULL,
  `updated_by_id` int(11) NOT NULL
) ENGINE=InnoDB DEFAULT CHARSET=utf8;

--
-- Dumping data for table `cn_posts`
--

INSERT INTO `cn_posts` (`id`, `post_category_id`, `post_title`, `post_content`, `post_status`, `post_image`, `created_date`, `created_by_id`, `updated_date`, `updated_by_id`) VALUES
(107, 15, '汉语 （中国通用语言）', '百度百科是百度公司推出的一部内容开放、自由的网络百科全书平台。其测试版于2006年4月20日上线，正式版在2008年4月21日发布，截至2017年9月，百度百科已经收录了超过1500万的词条，参与词条编辑的网友超过630万人，几乎涵盖了所有已知的知识领域。\r\n百度百科旨在创造一个涵盖各领域知识的中文信息收集平台。百度百科强调用户的参与和奉献精神，充分调动互联网用户的力量，汇聚上亿用户的头脑智慧，积极进行交流和分享。同时，百度百科实现与百度搜索、百度知道的结合，从不同的层次上满足用户对信息的需求。\r\n2019年3月1日，针对百度百科事件的幕后黑手，百度已收集违法者相关证据，向公安机关报案，并将积极配合公安机关严厉打击利用技术篡改网页信息的不法分子', 1, '', '2019-03-03 17:07:15', 1, '2019-03-03 17:07:15', 1);

-- --------------------------------------------------------

--
-- Table structure for table `comments`
--

CREATE TABLE `comments` (
  `id` int(11) NOT NULL,
  `comment_post_id` int(11) NOT NULL,
  `comment_post_creater_id` int(11) NOT NULL,
  `comment_author_id` int(11) NOT NULL,
  `comment_author_email` varchar(250) COLLATE utf8_unicode_ci NOT NULL,
  `comment_status` varchar(250) COLLATE utf8_unicode_ci NOT NULL DEFAULT '0',
  `comment_content` varchar(350) COLLATE utf8_unicode_ci NOT NULL,
  `comment_created_date` datetime NOT NULL
) ENGINE=InnoDB DEFAULT CHARSET=utf8 COLLATE=utf8_unicode_ci;

--
-- Dumping data for table `comments`
--

INSERT INTO `comments` (`id`, `comment_post_id`, `comment_post_creater_id`, `comment_author_id`, `comment_author_email`, `comment_status`, `comment_content`, `comment_created_date`) VALUES
(12, 64, 1, 1, 'roobaanuuf@gmail.com', '1', '那很棒！', '2018-12-23 11:31:44'),
(13, 64, 1, 1, 'roobaanuuf@gmail.com', '0', '哦那很重！', '2018-12-27 16:12:35'),
(16, 64, 1, 1, 'roobaanuuf@gmail.com', '1', '你很棒了！', '2018-12-27 16:20:59'),
(17, 64, 1, 1, 'roobaanuuf@gmail.com', '1', '你很棒了！', '2018-12-27 16:21:03'),
(18, 64, 1, 1, 'roobaanuuf@gmail.com', '1', '你很棒了！', '2018-12-27 16:21:06'),
(24, 64, 1, 2, 'user1@user1.com', '0', 'hhhhey', '2018-12-31 16:46:07'),
(25, 64, 1, 1, 'admin@admin.com', '0', 'Hey', '2019-01-10 16:45:37'),
(26, 61, 2, 2, 'user1@user1.com', '0', 'Woow!', '2019-02-28 15:24:52'),
(27, 64, 1, 2, 'user1@user1.com', '1', '太棒了！', '2019-02-28 15:31:59'),
(28, 70, 0, 1, 'roobaanuuf@gmail.com', '1', 'Wow', '2019-03-01 19:42:45'),
(29, 71, 24, 24, '', '1', 'This is my comment!', '2019-03-01 21:18:55'),
(30, 71, 24, 24, '', '1', 'This is my comment!', '2019-03-01 21:22:12'),
(31, 71, 24, 24, '', '0', 'This is my comment!', '2019-03-01 21:22:19'),
(32, 71, 24, 24, '', '1', 'My second comment!', '2019-03-01 21:22:36'),
(33, 71, 24, 24, '', '0', 'My second comment!', '2019-03-01 21:22:59'),
(34, 71, 24, 24, '', '1', 'My third comment test!', '2019-03-01 21:23:23'),
(35, 71, 24, 24, '', '0', 'My another comment', '2019-03-01 21:24:26'),
(36, 71, 24, 24, '', '0', 'My another comment', '2019-03-01 21:25:15'),
(37, 71, 24, 24, 'ali@gmail.com', '0', 'My another comment', '2019-03-01 21:26:51'),
(38, 71, 24, 24, 'ali@gmail.com', '0', 'My successfully submited comment!', '2019-03-01 21:27:10');

-- --------------------------------------------------------

--
-- Table structure for table `posts`
--

CREATE TABLE `posts` (
  `id` int(11) NOT NULL,
  `post_category_id` int(11) NOT NULL,
  `post_title` varchar(250) NOT NULL,
  `post_content` mediumtext NOT NULL,
  `post_status` int(11) NOT NULL DEFAULT '0',
  `post_image` mediumtext NOT NULL,
  `created_date` datetime NOT NULL,
  `created_by_id` int(11) NOT NULL,
  `updated_date` datetime NOT NULL,
  `updated_by_id` int(11) NOT NULL
) ENGINE=InnoDB DEFAULT CHARSET=utf8;

--
-- Dumping data for table `posts`
--

INSERT INTO `posts` (`id`, `post_category_id`, `post_title`, `post_content`, `post_status`, `post_image`, `created_date`, `created_by_id`, `updated_date`, `updated_by_id`) VALUES
(60, 1, 'What is IoT? 物联网是什么？', 'Lorem ipsum dolor sit amet, consectetur adipisicing elit, sed do eiusmod\r\ntempor incididunt ut labore et dolore magna aliqua. Ut enim ad minim veniam,\r\nquis nostrud exercitation ullamco laboris nisi ut aliquip ex ea commodo\r\nconsequat. Duis aute irure dolor in reprehenderit in voluptate velit esse\r\ncillum dolore eu fugiat nulla pariatur. Excepteur sint occaecat cupidatat non\r\nproident, sunt in culpa qui officia deserunt mollit anim id est laborum.Lorem ipsum dolor sit amet, consectetur adipisicing elit, sed do eiusmod\r\ntempor incididunt ut labore et dolore magna aliqua. Ut enim ad minim veniam,\r\nquis nostrud exercitation ullamco laboris nisi ut aliquip ex ea commodo\r\nconsequat. Duis aute irure dolor in reprehenderit in voluptate velit esse\r\ncillum dolore eu fugiat nulla pariatur. Excepteur sint occaecat cupidatat non\r\nproident, sunt in culpa qui officia deserunt mollit anim id est laborum.', 1, 'lambo_1.jpg', '2018-11-30 00:00:00', 1, '2018-11-30 00:00:00', 1),
(61, 1, 'Changing First letter to Upper case', 'Lorem ipsum dolor sit amet, consectetur adipisicing elit, sed do eiusmod\r\ntempor incididunt ut labore et dolore magna aliqua. Ut enim ad minim veniam,\r\nquis nostrud exercitation ullamco laboris nisi ut aliquip ex ea commodo\r\nconsequat. Duis aute irure dolor in reprehenderit in voluptate velit esse\r\ncillum dolore eu fugiat nulla pariatur. Excepteur sint occaecat cupidatat non\r\nproident, sunt in culpa qui officia deserunt mollit anim id est laborum.Lorem ipsum dolor sit amet, consectetur adipisicing elit, sed do eiusmod\r\ntempor incididunt ut labore et dolore magna aliqua. Ut enim ad minim veniam,\r\nquis nostrud exercitation ullamco laboris nisi ut aliquip ex ea commodo\r\nconsequat. Duis aute irure dolor in reprehenderit in voluptate velit esse\r\ncillum dolore eu fugiat nulla pariatur. Excepteur sint occaecat cupidatat non\r\nproident, sunt in culpa qui officia deserunt mollit anim id est laborum.', 1, '05.jpg', '2018-12-01 00:00:00', 2, '2018-12-01 00:00:00', 1),
(63, 2, 'My second posts', 'Lorem ipsum dolor sit amet, consectetur adipisicing elit, sed do eiusmod\r\ntempor incididunt ut labore et dolore magna aliqua. Ut enim ad minim veniam,\r\nquis nostrud exercitation ullamco laboris nisi ut aliquip ex ea commodo\r\nconsequat. Duis aute irure dolor in reprehenderit in voluptate velit esse\r\ncillum dolore eu fugiat nulla pariatur. Excepteur sint occaecat cupidatat non\r\nproident, sunt in culpa qui officia deserunt mollit anim id est laborum.Lorem ipsum dolor sit amet, consectetur adipisicing elit, sed do eiusmod\r\ntempor incididunt ut labore et dolore magna aliqua. Ut enim ad minim veniam,\r\nquis nostrud exercitation ullamco laboris nisi ut aliquip ex ea commodo\r\nconsequat. Duis aute irure dolor in reprehenderit in voluptate velit esse\r\ncillum dolore eu fugiat nulla pariatur. Excepteur sint occaecat cupidatat non\r\nproident, sunt in culpa qui officia deserunt mollit anim id est laborum.Lorem ipsum dolor sit amet, consectetur adipisicing elit, sed do eiusmod\r\ntempor incididunt ut labore et dolore magna aliqua. Ut enim ad minim veniam,\r\nquis nostrud exercitation ullamco laboris nisi ut aliquip ex ea commodo\r\nconsequat. Duis aute irure dolor in reprehenderit in voluptate velit esse\r\ncillum dolore eu fugiat nulla pariatur. Excepteur sint occaecat cupidatat non\r\nproident, sunt in culpa qui officia deserunt mollit anim id est laborum.', 1, '05.jpg', '2018-12-15 19:07:50', 1, '2018-12-15 19:07:50', 1),
(64, 1, 'What mean web based blog design?', 'Lorem ipsum dolor sit amet, consectetur adipisicing elit, sed do eiusmod\r\ntempor incididunt ut labore et dolore magna aliqua. Ut enim ad minim veniam,\r\nquis nostrud exercitation ullamco laboris nisi ut aliquip ex ea commodo\r\nconsequat. Duis aute irure dolor in reprehenderit in voluptate velit esse\r\ncillum dolore eu fugiat nulla pariatur. Excepteur sint occaecat cupidatat non\r\nproident, sunt in culpa qui officia deserunt mollit anim id est laborum.Lorem ipsum dolor sit amet, consectetur adipisicing elit, sed do eiusmod\r\ntempor incididunt ut labore et dolore magna aliqua. Ut enim ad minim veniam,\r\nquis nostrud exercitation ullamco laboris nisi ut aliquip ex ea commodo\r\nconsequat. Duis aute irure dolor in reprehenderit in voluptate velit esse\r\ncillum dolore eu fugiat nulla pariatur. Excepteur sint occaecat cupidatat non\r\nproident, sunt in culpa qui officia deserunt mollit anim id est laborum.Lorem ipsum dolor sit amet, consectetur adipisicing elit, sed do eiusmod\r\ntempor incididunt ut labore et dolore magna aliqua. Ut enim ad minim veniam,\r\nquis nostrud exercitation ullamco laboris nisi ut aliquip ex ea commodo\r\nconsequat. Duis aute irure dolor in reprehenderit in voluptate velit esse\r\ncillum dolore eu fugiat nulla pariatur. Excepteur sint occaecat cupidatat non\r\nproident, sunt in culpa qui officia deserunt mollit anim id est laborum.', 1, '702881e0b3df95464e711109abc51b6b.jpg', '2018-12-23 11:30:50', 1, '2018-12-23 11:30:50', 1),
(66, 1, 'Test One', 'Lorem ipsum dolor sit amet, consectetur adipisicing elit, sed do eiusmod\r\ntempor incididunt ut labore et dolore magna aliqua. Ut enim ad minim veniam,\r\nquis nostrud exercitation ullamco laboris nisi ut aliquip ex ea commodo\r\nconsequat. Duis aute irure dolor in reprehenderit in voluptate velit esse\r\ncillum dolore eu fugiat nulla pariatur. Excepteur sint occaecat cupidatat non\r\nproident, sunt in culpa qui officia deserunt mollit anim id est laborum.Lorem ipsum dolor sit amet, consectetur adipisicing elit, sed do eiusmod\r\ntempor incididunt ut labore et dolore magna aliqua. Ut enim ad minim veniam,\r\nquis nostrud exercitation ullamco laboris nisi ut aliquip ex ea commodo\r\nconsequat. Duis aute irure dolor in reprehenderit in voluptate velit esse\r\ncillum dolore eu fugiat nulla pariatur. Excepteur sint occaecat cupidatat non\r\nproident, sunt in culpa qui officia deserunt mollit anim id est laborum.Lorem ipsum dolor sit amet, consectetur adipisicing elit, sed do eiusmod\r\ntempor incididunt ut labore et dolore magna aliqua. Ut enim ad minim veniam,\r\nquis nostrud exercitation ullamco laboris nisi ut aliquip ex ea commodo\r\nconsequat. Duis aute irure dolor in reprehenderit in voluptate velit esse\r\ncillum dolore eu fugiat nulla pariatur. Excepteur sint occaecat cupidatat non\r\nproident, sunt in culpa qui officia deserunt mollit anim id est laborum.', 1, 'php.jpg', '2019-02-25 22:12:02', 2, '2019-02-25 22:16:23', 2),
(67, 2, 'PHP development began in 1994 when', 'Lorem ipsum dolor sit amet, consectetur adipisicing elit, sed do eiusmod\r\ntempor incididunt ut labore et dolore magna aliqua. Ut enim ad minim veniam,\r\nquis nostrud exercitation ullamco laboris nisi ut aliquip ex ea commodo\r\nconsequat. Duis aute irure dolor in reprehenderit in voluptate velit esse\r\ncillum dolore eu fugiat nulla pariatur. Excepteur sint occaecat cupidatat non\r\nproident, sunt in culpa qui officia deserunt mollit anim id est laborum.Lorem ipsum dolor sit amet, consectetur adipisicing elit, sed do eiusmod\r\ntempor incididunt ut labore et dolore magna aliqua. Ut enim ad minim veniam,\r\nquis nostrud exercitation ullamco laboris nisi ut aliquip ex ea commodo\r\nconsequat. Duis aute irure dolor in reprehenderit in voluptate velit esse\r\ncillum dolore eu fugiat nulla pariatur. Excepteur sint occaecat cupidatat non\r\nproident, sunt in culpa qui officia deserunt mollit anim id est laborum.Lorem ipsum dolor sit amet, consectetur adipisicing elit, sed do eiusmod\r\ntempor incididunt ut labore et dolore magna aliqua. Ut enim ad minim veniam,\r\nquis nostrud exercitation ullamco laboris nisi ut aliquip ex ea commodo\r\nconsequat. Duis aute irure dolor in reprehenderit in voluptate velit esse\r\ncillum dolore eu fugiat nulla pariatur. Excepteur sint occaecat cupidatat non\r\nproident, sunt in culpa qui officia deserunt mollit anim id est laborum.', 1, 'php7.jpg', '2019-02-25 22:17:18', 2, '2019-02-25 22:17:18', 2),
(68, 2, 'PHP 3 and 4, 5 and 6', 'Lorem ipsum dolor sit amet, consectetur adipisicing elit, sed do eiusmod\r\ntempor incididunt ut labore et dolore magna aliqua. Ut enim ad minim veniam,\r\nquis nostrud exercitation ullamco laboris nisi ut aliquip ex ea commodo\r\nconsequat. Duis aute irure dolor in reprehenderit in voluptate velit esse\r\ncillum dolore eu fugiat nulla pariatur. Excepteur sint occaecat cupidatat non\r\nproident, sunt in culpa qui officia deserunt mollit anim id est laborum.Lorem ipsum dolor sit amet, consectetur adipisicing elit, sed do eiusmod\r\ntempor incididunt ut labore et dolore magna aliqua. Ut enim ad minim veniam,\r\nquis nostrud exercitation ullamco laboris nisi ut aliquip ex ea commodo\r\nconsequat. Duis aute irure dolor in reprehenderit in voluptate velit esse\r\ncillum dolore eu fugiat nulla pariatur. Excepteur sint occaecat cupidatat non\r\nproident, sunt in culpa qui officia deserunt mollit anim id est laborum.Lorem ipsum dolor sit amet, consectetur adipisicing elit, sed do eiusmod\r\ntempor incididunt ut labore et dolore magna aliqua. Ut enim ad minim veniam,\r\nquis nostrud exercitation ullamco laboris nisi ut aliquip ex ea commodo\r\nconsequat. Duis aute irure dolor in reprehenderit in voluptate velit esse\r\ncillum dolore eu fugiat nulla pariatur. Excepteur sint occaecat cupidatat non\r\nproident, sunt in culpa qui officia deserunt mollit anim id est laborum.Lorem ipsum dolor sit amet, consectetur adipisicing elit, sed do eiusmod\r\ntempor incididunt ut labore et dolore magna aliqua. Ut enim ad minim veniam,\r\nquis nostrud exercitation ullamco laboris nisi ut aliquip ex ea commodo\r\nconsequat. Duis aute irure dolor in reprehenderit in voluptate velit esse\r\ncillum dolore eu fugiat nulla pariatur. Excepteur sint occaecat cupidatat non\r\nproident, sunt in culpa qui officia deserunt mollit anim id est laborum.', 1, 'php.jpg', '2019-02-25 22:19:59', 2, '2019-02-25 22:19:59', 2),
(69, 2, 'PHP 7', 'Lorem ipsum dolor sit amet, consectetur adipisicing elit, sed do eiusmod\r\ntempor incididunt ut labore et dolore magna aliqua. Ut enim ad minim veniam,\r\nquis nostrud exercitation ullamco laboris nisi ut aliquip ex ea commodo\r\nconsequat. Duis aute irure dolor in reprehenderit in voluptate velit esse\r\ncillum dolore eu fugiat nulla pariatur. Excepteur sint occaecat cupidatat non\r\nproident, sunt in culpa qui officia deserunt mollit anim id est laborum.Lorem ipsum dolor sit amet, consectetur adipisicing elit, sed do eiusmod\r\ntempor incididunt ut labore et dolore magna aliqua. Ut enim ad minim veniam,\r\nquis nostrud exercitation ullamco laboris nisi ut aliquip ex ea commodo\r\nconsequat. Duis aute irure dolor in reprehenderit in voluptate velit esse\r\ncillum dolore eu fugiat nulla pariatur. Excepteur sint occaecat cupidatat non\r\nproident, sunt in culpa qui officia deserunt mollit anim id est laborum.Lorem ipsum dolor sit amet, consectetur adipisicing elit, sed do eiusmod\r\ntempor incididunt ut labore et dolore magna aliqua. Ut enim ad minim veniam,\r\nquis nostrud exercitation ullamco laboris nisi ut aliquip ex ea commodo\r\nconsequat. Duis aute irure dolor in reprehenderit in voluptate velit esse\r\ncillum dolore eu fugiat nulla pariatur. Excepteur sint occaecat cupidatat non\r\nproident, sunt in culpa qui officia deserunt mollit anim id est laborum.Lorem ipsum dolor sit amet, consectetur adipisicing elit, sed do eiusmod\r\ntempor incididunt ut labore et dolore magna aliqua. Ut enim ad minim veniam,\r\nquis nostrud exercitation ullamco laboris nisi ut aliquip ex ea commodo\r\nconsequat. Duis aute irure dolor in reprehenderit in voluptate velit esse\r\ncillum dolore eu fugiat nulla pariatur. Excepteur sint occaecat cupidatat non\r\nproident, sunt in culpa qui officia deserunt mollit anim id est laborum.', 1, 'php7.jpg', '2019-02-25 22:22:06', 2, '2019-02-25 22:22:06', 2),
(70, 11, '汉语是什么？', '<p><a href=\"http://www.so.com/s?q=%E6%B1%89%E8%AF%AD&amp;ie=utf-8&amp;src=internal_wenda_recommend_textn\" target=\"_blank\">汉语</a>(Chinese&nbsp;language)即汉<a href=\"http://www.so.com/s?q=%E6%B0%91%E6%97%8F%E5%85%B1%E5%90%8C%E8%AF%AD&amp;ie=utf-8&amp;src=internal_wenda_recommend_textn\" target=\"_blank\">民族共同语</a>，是世界主要语言之一,也是<a href=\"http://www.so.com/s?q=%E4%B8%96%E7%95%8C%E4%B8%8A&amp;ie=utf-8&amp;src=internal_wenda_recommend_textn\" target=\"_blank\">世界上</a>使用人数最多的语言。汉语属<a href=\"http://www.so.com/s?q=%E6%B1%89%E8%97%8F%E8%AF%AD%E7%B3%BB&amp;ie=utf-8&amp;src=internal_wenda_recommend_textn\" target=\"_blank\">汉藏语系</a>，是这个<a href=\"http://www.so.com/s?q=%E8%AF%AD%E7%B3%BB&amp;ie=utf-8&amp;src=internal_wenda_recommend_textn\" target=\"_blank\">语系</a>里最主要的语言。除了<a href=\"http://www.so.com/s?q=%E4%B8%AD%E5%9B%BD%E5%A4%A7%E9%99%86&amp;ie=utf-8&amp;src=internal_wenda_recommend_textn\" target=\"_blank\">中国大陆</a>、香港特别行政区、澳门和<a href=\"http://www.so.com/s?q=%E5%8F%B0%E6%B9%BE%E7%9C%81&amp;ie=utf-8&amp;src=internal_wenda_recommend_textn\" target=\"_blank\">台湾省</a>以外，汉语还分布在<a href=\"http://www.so.com/s?q=%E6%96%B0%E5%8A%A0%E5%9D%A1&amp;ie=utf-8&amp;src=internal_wenda_recommend_textn\" target=\"_blank\">新加坡</a>、马来西亚等国。以汉语为<a href=\"http://www.so.com/s?q=%E6%AF%8D%E8%AF%AD&amp;ie=utf-8&amp;src=internal_wenda_recommend_textn\" target=\"_blank\">母语</a>的人大约有13亿（3000万人作为第二语言）。汉语是<a href=\"http://www.so.com/s?q=%E8%81%94%E5%90%88%E5%9B%BD&amp;ie=utf-8&amp;src=internal_wenda_recommend_textn\" target=\"_blank\">联合国</a>的<a href=\"http://www.so.com/s?q=%E5%B7%A5%E4%BD%9C%E8%AF%AD%E8%A8%80&amp;ie=utf-8&amp;src=internal_wenda_recommend_textn\" target=\"_blank\">工作语言</a>之一。<br />\r\n汉语的<a href=\"http://www.so.com/s?q=%E6%A0%87%E5%87%86%E8%AF%AD&amp;ie=utf-8&amp;src=internal_wenda_recommend_textn\" target=\"_blank\">标准语</a>是近几百年来以<a href=\"http://www.so.com/s?q=%E5%8C%97%E6%96%B9%E5%AE%98%E8%AF%9D&amp;ie=utf-8&amp;src=internal_wenda_recommend_textn\" target=\"_blank\">北方官话</a>为基础. 东北官话为辅助逐渐形成的。它的<a href=\"http://www.so.com/s?q=%E6%A0%87%E5%87%86%E9%9F%B3&amp;ie=utf-8&amp;src=internal_wenda_recommend_textn\" target=\"_blank\">标准音</a>是北京音。汉语的标准语在中国大陆称为<a href=\"http://www.so.com/s?q=%E6%99%AE%E9%80%9A%E8%AF%9D&amp;ie=utf-8&amp;src=internal_wenda_recommend_textn\" target=\"_blank\">普通话</a>，<a href=\"http://www.so.com/s?q=%E5%9C%A8%E5%8F%B0%E6%B9%BE&amp;ie=utf-8&amp;src=internal_wenda_recommend_textn\" target=\"_blank\">在台湾</a>称为<a href=\"http://www.so.com/s?q=%E5%9B%BD%E8%AF%AD&amp;ie=utf-8&amp;src=internal_wenda_recommend_textn\" target=\"_blank\">国语</a>，在新加坡、马来西亚称为华语。 在广义上是指汉族的语言，狭义上指普通话，另外还有国语、华语、<a href=\"http://www.so.com/s?q=%E4%B8%AD%E6%96%87&amp;ie=utf-8&amp;src=internal_wenda_recommend_textn\" target=\"_blank\">中文</a>等<a href=\"http://www.so.com/s?q=%E7%A7%B0%E5%91%BC&amp;ie=utf-8&amp;src=internal_wenda_recommend_textn\" target=\"_blank\">称呼</a>都是指汉语。毫无疑问，汉语是世界上使用人数最多的一种语言，世界上大约有1/5的人使用汉语作为母语。汉语也曾对其周边的国家的<a href=\"http://www.so.com/s?q=%E8%AF%AD%E8%A8%80%E6%96%87%E5%AD%97&amp;ie=utf-8&amp;src=internal_wenda_recommend_textn\" target=\"_blank\">语言文字</a>产生过重要影响。例如<a href=\"http://www.so.com/s?q=%E6%97%A5%E8%AF%AD&amp;ie=utf-8&amp;src=internal_wenda_recommend_textn\" target=\"_blank\">日语</a>、韩语、<a href=\"http://www.so.com/s?q=%E8%B6%8A%E5%8D%97%E8%AF%AD&amp;ie=utf-8&amp;src=internal_wenda_recommend_textn\" target=\"_blank\">越南语</a>中都保留有大量的汉语<a href=\"http://www.so.com/s?q=%E5%80%9F%E8%AF%8D&amp;ie=utf-8&amp;src=internal_wenda_recommend_textn\" target=\"_blank\">借词</a>以及汉语书写体系<a href=\"http://www.so.com/s?q=%E6%96%87%E5%AD%97&amp;ie=utf-8&amp;src=internal_wenda_recommend_textn\" target=\"_blank\">文字</a>。汉语是一种<a href=\"http://www.so.com/s?q=%E4%B8%AD%E5%9B%BD%E8%AF%AD%E6%96%87&amp;ie=utf-8&amp;src=internal_wenda_recommend_textn\" target=\"_blank\">中国语文</a>。<br />\r\n汉语作为世界特有的象形文字语言，文字高度的统一与规范，<a href=\"http://www.so.com/s?q=%E7%8E%B0%E4%BB%A3%E6%B1%89%E8%AF%AD&amp;ie=utf-8&amp;src=internal_wenda_recommend_textn\" target=\"_blank\">现代汉语</a>有统一和规范的<a href=\"http://www.so.com/s?q=%E8%AF%AD%E6%B3%95&amp;ie=utf-8&amp;src=internal_wenda_recommend_textn\" target=\"_blank\">语法</a>，尽管<a href=\"http://www.so.com/s?q=%E6%96%B9%E8%A8%80&amp;ie=utf-8&amp;src=internal_wenda_recommend_textn\" target=\"_blank\">方言</a><a href=\"http://www.so.com/s?q=%E5%8F%91%E9%9F%B3&amp;ie=utf-8&amp;src=internal_wenda_recommend_textn\" target=\"_blank\">发音</a>差异特别大，但是<a href=\"http://www.so.com/s?q=%E4%B9%A6%E9%9D%A2%E8%AF%AD%E8%A8%80&amp;ie=utf-8&amp;src=internal_wenda_recommend_textn\" target=\"_blank\">书面语言</a>规范，没有地方语言差异造成的书面交流障碍。汉语的超方言性对维系<a href=\"http://www.so.com/s?q=%E4%B8%AD%E5%8D%8E%E6%B0%91%E6%97%8F&amp;ie=utf-8&amp;src=internal_wenda_recommend_textn\" target=\"_blank\">中华民族</a>的统一起了巨大的作用。<br />\r\n汉语属于<a href=\"http://www.so.com/s?q=%E7%8B%AC%E7%AB%8B%E8%AF%AD&amp;ie=utf-8&amp;src=internal_wenda_recommend_textn\" target=\"_blank\">独立语</a>，分析语。汉语的书写方式是一种象形文字的<a href=\"http://www.so.com/s?q=%E6%B1%89%E5%AD%97&amp;ie=utf-8&amp;src=internal_wenda_recommend_textn\" target=\"_blank\">汉字</a>。五四运动之前所使用的书面语叫做&ldquo;文言&rdquo;，是一种以孔子时代所使用的以&ldquo;雅言&rdquo;为基础的书面语。五四运动之后所推动的书面汉语通常被称为&ldquo;白话&rdquo;，即以<a href=\"http://www.so.com/s?q=%E5%8C%97%E6%96%B9%E8%AF%9D&amp;ie=utf-8&amp;src=internal_wenda_recommend_textn\" target=\"_blank\">北方话</a>为基础的现代书面语。在现代汉语的书面语中，文言已经很少使用了，但是<a href=\"http://www.so.com/s?q=%E6%96%87%E8%A8%80%E6%96%87&amp;ie=utf-8&amp;src=internal_wenda_recommend_textn\" target=\"_blank\">文言文</a>中的某些部分仍以<a href=\"http://www.so.com/s?q=%E6%88%90%E8%AF%AD&amp;ie=utf-8&amp;src=internal_wenda_recommend_textn\" target=\"_blank\">成语</a>的形式保留在现代汉语中</p>\r\n', 1, '', '2019-03-01 19:40:33', 1, '2019-03-01 19:40:33', 1),
(71, 10, 'What is css?', '<p>Lorem ipsum dolor sit amet, consectetur adipisicing elit, sed do eiusmod<br />\r\ntempor incididunt ut labore et dolore magna aliqua. Ut enim ad minim veniam,<br />\r\nquis nostrud exercitation ullamco laboris nisi ut aliquip ex ea commodo<br />\r\nconsequat. Duis aute irure dolor in reprehenderit in voluptate velit esse<br />\r\ncillum dolore eu fugiat nulla pariatur. Excepteur sint occaecat cupidatat non<br />\r\nproident, sunt in culpa qui officia deserunt mollit anim id est laborum.Lorem ipsum dolor sit amet, consectetur adipisicing elit, sed do eiusmod<br />\r\ntempor incididunt ut labore et dolore magna aliqua. Ut enim ad minim veniam,<br />\r\nquis nostrud exercitation ullamco laboris nisi ut aliquip ex ea commodo<br />\r\nconsequat. Duis aute irure dolor in reprehenderit in voluptate velit esse<br />\r\ncillum dolore eu fugiat nulla pariatur. Excepteur sint occaecat cupidatat non<br />\r\nproident, sunt in culpa qui officia deserunt mollit anim id est laborum.Lorem ipsum dolor sit amet, consectetur adipisicing elit, sed do eiusmod<br />\r\ntempor incididunt ut labore et dolore magna aliqua. Ut enim ad minim veniam,<br />\r\nquis nostrud exercitation ullamco laboris nisi ut aliquip ex ea commodo<br />\r\nconsequat. Duis aute irure dolor in reprehenderit in voluptate velit esse<br />\r\ncillum dolore eu fugiat nulla pariatur. Excepteur sint occaecat cupidatat non<br />\r\nproident, sunt in culpa qui officia deserunt mollit anim id est laborum.Lorem ipsum dolor sit amet, consectetur adipisicing elit, sed do eiusmod<br />\r\ntempor incididunt ut labore et dolore magna aliqua. Ut enim ad minim veniam,<br />\r\nquis nostrud exercitation ullamco laboris nisi ut aliquip ex ea commodo<br />\r\nconsequat. Duis aute irure dolor in reprehenderit in voluptate velit esse<br />\r\ncillum dolore eu fugiat nulla pariatur. Excepteur sint occaecat cupidatat non<br />\r\nproident, sunt in culpa qui officia deserunt mollit anim id est laborum.</p>\r\n', 1, '', '2019-03-01 21:16:44', 24, '2019-03-01 21:16:44', 24),
(72, 13, 'Python (programming language)', '<p><strong>Python</strong>&nbsp;is an&nbsp;<a href=\"https://en.wikipedia.org/wiki/Interpreted_language\">interpreted</a>,&nbsp;<a href=\"https://en.wikipedia.org/wiki/High-level_programming_language\">high-level</a>,&nbsp;<a href=\"https://en.wikipedia.org/wiki/General-purpose_programming_language\">general-purpose programming language</a>. Created by&nbsp;<a href=\"https://en.wikipedia.org/wiki/Guido_van_Rossum\">Guido van Rossum</a>&nbsp;and first released in 1991, Python has a design philosophy that emphasizes&nbsp;<a href=\"https://en.wikipedia.org/wiki/Code_readability\">code readability</a>, notably using&nbsp;<a href=\"https://en.wikipedia.org/wiki/Significant_whitespace\">significant whitespace</a>. It provides constructs that enable clear programming on both small and large scales.<a href=\"https://en.wikipedia.org/wiki/Python_(programming_language)#cite_note-AutoNT-7-26\">[26]</a>&nbsp;Van Rossum led the language community until stepping down as leader in July 2018.<a href=\"https://en.wikipedia.org/wiki/Python_(programming_language)#cite_note-27\">[27]</a><a href=\"https://en.wikipedia.org/wiki/Python_(programming_language)#cite_note-28\">[28]</a></p>\r\n\r\n<p>Python features a&nbsp;<a href=\"https://en.wikipedia.org/wiki/Dynamic_type\">dynamic type</a>&nbsp;system and automatic&nbsp;<a href=\"https://en.wikipedia.org/wiki/Memory_management\">memory management</a>. It supports multiple&nbsp;<a href=\"https://en.wikipedia.org/wiki/Programming_paradigm\">programming paradigms</a>, including&nbsp;<a href=\"https://en.wikipedia.org/wiki/Object-oriented_programming\">object-oriented</a>,&nbsp;<a href=\"https://en.wikipedia.org/wiki/Imperative_programming\">imperative</a>,&nbsp;<a href=\"https://en.wikipedia.org/wiki/Functional_programming\">functional</a>&nbsp;and&nbsp;<a href=\"https://en.wikipedia.org/wiki/Procedural_programming\">procedural</a>, and has a large and comprehensive&nbsp;<a href=\"https://en.wikipedia.org/wiki/Standard_library\">standard library</a>.<a href=\"https://en.wikipedia.org/wiki/Python_(programming_language)#cite_note-About-29\">[29]</a></p>\r\n\r\n<p>Python interpreters are available for many&nbsp;<a href=\"https://en.wikipedia.org/wiki/Operating_system\">operating systems</a>.&nbsp;<a href=\"https://en.wikipedia.org/wiki/CPython\">CPython</a>, the&nbsp;<a href=\"https://en.wikipedia.org/wiki/Reference_implementation\">reference implementation</a>&nbsp;of Python, is&nbsp;<a href=\"https://en.wikipedia.org/wiki/Open-source_software\">open source</a>&nbsp;software<a href=\"https://en.wikipedia.org/wiki/Python_(programming_language)#cite_note-30\">[30]</a>&nbsp;and has a community-based development model, as do nearly all of Python&#39;s other implementations. Python and CPython are managed by the non-profit&nbsp;<a href=\"https://en.wikipedia.org/wiki/Python_Software_Foundation\">Python Software Foundation</a>.</p>\r\n\r\n<p>Python was conceived in the late 1980s<a href=\"https://en.wikipedia.org/wiki/Python_(programming_language)#cite_note-venners-interview-pt-1-31\">[31]</a>&nbsp;by&nbsp;<a href=\"https://en.wikipedia.org/wiki/Guido_van_Rossum\">Guido van Rossum</a>&nbsp;at&nbsp;<a href=\"https://en.wikipedia.org/wiki/Centrum_Wiskunde_%26_Informatica\">Centrum Wiskunde &amp; Informatica</a>&nbsp;(CWI) in the&nbsp;<a href=\"https://en.wikipedia.org/wiki/Netherlands\">Netherlands</a>&nbsp;as a successor to the&nbsp;<a href=\"https://en.wikipedia.org/wiki/ABC_(programming_language)\">ABC language</a>&nbsp;(itself inspired by&nbsp;<a href=\"https://en.wikipedia.org/wiki/SETL\">SETL</a>)<a href=\"https://en.wikipedia.org/wiki/Python_(programming_language)#cite_note-AutoNT-12-32\">[32]</a>, capable of&nbsp;<a href=\"https://en.wikipedia.org/wiki/Exception_handling\">exception handling</a>&nbsp;and interfacing with the&nbsp;<a href=\"https://en.wikipedia.org/wiki/Amoeba_(operating_system)\">Amoeba</a>&nbsp;operating system.<a href=\"https://en.wikipedia.org/wiki/Python_(programming_language)#cite_note-faq-created-7\">[7]</a>&nbsp;Its implementation began in December 1989.<a href=\"https://en.wikipedia.org/wiki/Python_(programming_language)#cite_note-timeline-of-python-33\">[33]</a>&nbsp;Van Rossum&#39;s long influence on Python is reflected in the title given to him by the Python community:&nbsp;<em><a href=\"https://en.wikipedia.org/wiki/Benevolent_Dictator_For_Life\">Benevolent Dictator For Life</a></em>&nbsp;(BDFL)&nbsp;&ndash; a post from which he gave himself permanent vacation on July 12, 2018.<a href=\"https://en.wikipedia.org/wiki/Python_(programming_language)#cite_note-lj-bdfl-resignation-34\">[34]</a></p>\r\n\r\n<p>Python 2.0 was released on 16 October 2000 with many major new features, including a&nbsp;<a href=\"https://en.wikipedia.org/wiki/Cycle_detection\">cycle-detecting</a>&nbsp;<a href=\"https://en.wikipedia.org/wiki/Garbage_collection_(computer_science)\">garbage collector</a>&nbsp;and support for&nbsp;<a href=\"https://en.wikipedia.org/wiki/Unicode\">Unicode</a>.<a href=\"https://en.wikipedia.org/wiki/Python_(programming_language)#cite_note-newin-2.0-35\">[35]</a></p>\r\n\r\n<p>Python 3.0 was released on 3 December 2008. It was a major revision of the language that is not completely&nbsp;<a href=\"https://en.wikipedia.org/wiki/Backward_compatibility\">backward-compatible</a>.<a href=\"https://en.wikipedia.org/wiki/Python_(programming_language)#cite_note-3.0-release-36\">[36]</a>&nbsp;Many of its major features were&nbsp;<a href=\"https://en.wikipedia.org/wiki/Backporting\">backported</a>&nbsp;to Python 2.6.x<a href=\"https://en.wikipedia.org/wiki/Python_(programming_language)#cite_note-pep-3000-37\">[37]</a>&nbsp;and 2.7.x version series. Releases of Python 3 include the&nbsp;<code>2to3</code>&nbsp;utility, which automates (at least partially) the translation of Python 2 code to Python 3.<a href=\"https://en.wikipedia.org/wiki/Python_(programming_language)#cite_note-38\">[38]</a></p>\r\n\r\n<p>Python 2.7&#39;s&nbsp;<a href=\"https://en.wikipedia.org/wiki/End-of-life_(product)\">end-of-life</a>&nbsp;date was initially set at 2015 then postponed to 2020 out of concern that a large body of existing code could not easily be forward-ported to Python 3.<a href=\"https://en.wikipedia.org/wiki/Python_(programming_language)#cite_note-39\">[39]</a><a href=\"https://en.wikipedia.org/wiki/Python_(programming_language)#cite_note-40\">[40]</a>&nbsp;In January 2017, Google announced work on a Python 2.7 to&nbsp;<a href=\"https://en.wikipedia.org/wiki/Go_(programming_language)\">Go</a>&nbsp;<a href=\"https://en.wikipedia.org/wiki/Transcompiler\">transcompiler</a>&nbsp;to improve performance under concurrent workloads.</p>\r\n', 1, '', '2019-03-02 14:21:17', 1, '2019-03-02 16:00:31', 1),
(73, 13, 'Features and philosophy in Python', '<p>Python is a&nbsp;<a href=\"https://en.wikipedia.org/wiki/Multi-paradigm_programming_language\">multi-paradigm programming language</a>.&nbsp;<a href=\"https://en.wikipedia.org/wiki/Object-oriented_programming\">Object-oriented programming</a>&nbsp;and&nbsp;<a href=\"https://en.wikipedia.org/wiki/Structured_programming\">structured programming</a>&nbsp;are fully supported, and many of its features support&nbsp;<a href=\"https://en.wikipedia.org/wiki/Functional_programming\">functional programming</a>&nbsp;and&nbsp;<a href=\"https://en.wikipedia.org/wiki/Aspect-oriented_programming\">aspect-oriented programming</a>&nbsp;(including by&nbsp;<a href=\"https://en.wikipedia.org/wiki/Metaprogramming\">metaprogramming</a><a href=\"https://en.wikipedia.org/wiki/Python_(programming_language)#cite_note-AutoNT-13-42\">[42]</a>&nbsp;and&nbsp;<a href=\"https://en.wikipedia.org/wiki/Metaobject\">metaobjects</a>&nbsp;(magic methods)).<a href=\"https://en.wikipedia.org/wiki/Python_(programming_language)#cite_note-AutoNT-14-43\">[43]</a>&nbsp;Many other paradigms are supported via extensions, including&nbsp;<a href=\"https://en.wikipedia.org/wiki/Design_by_contract\">design by contract</a><a href=\"https://en.wikipedia.org/wiki/Python_(programming_language)#cite_note-AutoNT-15-44\">[44]</a><a href=\"https://en.wikipedia.org/wiki/Python_(programming_language)#cite_note-AutoNT-16-45\">[45]</a>&nbsp;and&nbsp;<a href=\"https://en.wikipedia.org/wiki/Logic_programming\">logic programming</a>.<a href=\"https://en.wikipedia.org/wiki/Python_(programming_language)#cite_note-AutoNT-17-46\">[46]</a></p>\r\n\r\n<p>Python uses&nbsp;<a href=\"https://en.wikipedia.org/wiki/Dynamic_typing\">dynamic typing</a>, and a combination of&nbsp;<a href=\"https://en.wikipedia.org/wiki/Reference_counting\">reference counting</a>&nbsp;and a cycle-detecting garbage collector for&nbsp;<a href=\"https://en.wikipedia.org/wiki/Memory_management\">memory management</a>. It also features dynamic&nbsp;<a href=\"https://en.wikipedia.org/wiki/Name_resolution_(programming_languages)\">name resolution</a>&nbsp;(<a href=\"https://en.wikipedia.org/wiki/Late_binding\">late binding</a>), which binds method and variable names during program execution.</p>\r\n\r\n<p>Python&#39;s design offers some support for&nbsp;<a href=\"https://en.wikipedia.org/wiki/Functional_programming\">functional programming</a>&nbsp;in the&nbsp;<a href=\"https://en.wikipedia.org/wiki/Lisp_(programming_language)\">Lisp</a>&nbsp;tradition. It has&nbsp;<code>filter()</code>,&nbsp;<code>map()</code>, and&nbsp;<code>reduce()</code>&nbsp;functions;&nbsp;<a href=\"https://en.wikipedia.org/wiki/List_comprehension\">list comprehensions</a>,&nbsp;<a href=\"https://en.wikipedia.org/wiki/Associative_array\">dictionaries</a>, and sets; and&nbsp;<a href=\"https://en.wikipedia.org/wiki/Generator_(computer_programming)\">generator</a>&nbsp;expressions.<a href=\"https://en.wikipedia.org/wiki/Python_(programming_language)#cite_note-AutoNT-59-47\">[47]</a>&nbsp;The standard library has two modules (itertools and functools) that implement functional tools borrowed from&nbsp;<a href=\"https://en.wikipedia.org/wiki/Haskell_(programming_language)\">Haskell</a>&nbsp;and&nbsp;<a href=\"https://en.wikipedia.org/wiki/Standard_ML\">Standard ML</a>.<a href=\"https://en.wikipedia.org/wiki/Python_(programming_language)#cite_note-AutoNT-18-48\">[48]</a></p>\r\n\r\n<p>The language&#39;s core philosophy is summarized in the document&nbsp;<em>The&nbsp;<a href=\"https://en.wikipedia.org/wiki/Zen_of_Python\">Zen of Python</a></em>&nbsp;(<em>PEP 20</em>), which includes&nbsp;<a href=\"https://en.wikipedia.org/wiki/Aphorism\">aphorisms</a>&nbsp;such as:<a href=\"https://en.wikipedia.org/wiki/Python_(programming_language)#cite_note-PEP20-49\">[49]</a></p>\r\n\r\n<ul>\r\n	<li>Beautiful is better than ugly</li>\r\n	<li>Explicit is better than implicit</li>\r\n	<li>Simple is better than complex</li>\r\n	<li>Complex is better than complicated</li>\r\n	<li>Readability counts</li>\r\n</ul>\r\n\r\n<p>Rather than having all of its functionality built into its core, Python was designed to be highly&nbsp;<a href=\"https://en.wikipedia.org/wiki/Extensibility\">extensible</a>. This compact modularity has made it particularly popular as a means of adding programmable interfaces to existing applications. Van Rossum&#39;s vision of a small core language with a large standard library and easily extensible interpreter stemmed from his frustrations with&nbsp;<a href=\"https://en.wikipedia.org/wiki/ABC_(programming_language)\">ABC</a>, which espoused the opposite approach.<a href=\"https://en.wikipedia.org/wiki/Python_(programming_language)#cite_note-venners-interview-pt-1-31\">[31]</a></p>\r\n\r\n<p>While offering choice in coding methodology, the Python philosophy rejects exuberant syntax (such as that of&nbsp;<a href=\"https://en.wikipedia.org/wiki/Perl\">Perl</a>) in favor of a simpler, less-cluttered grammar. As&nbsp;<a href=\"https://en.wikipedia.org/wiki/Alex_Martelli\">Alex Martelli</a>&nbsp;put it: &quot;To describe something as &#39;clever&#39; is&nbsp;<em>not</em>&nbsp;considered a compliment in the Python culture.&quot;<a href=\"https://en.wikipedia.org/wiki/Python_(programming_language)#cite_note-AutoNT-19-50\">[50]</a>&nbsp;Python&#39;s philosophy rejects the Perl &quot;<a href=\"https://en.wikipedia.org/wiki/There_is_more_than_one_way_to_do_it\">there is more than one way to do it</a>&quot; approach to language design in favor of &quot;there should be one&mdash;and preferably only one&mdash;obvious way to do it&quot;.<a href=\"https://en.wikipedia.org/wiki/Python_(programming_language)#cite_note-PEP20-49\">[49]</a></p>\r\n\r\n<p>Python&#39;s developers strive to avoid&nbsp;<a href=\"https://en.wikipedia.org/wiki/Premature_optimization\">premature optimization</a>, and reject patches to non-critical parts of the&nbsp;<a href=\"https://en.wikipedia.org/wiki/CPython\">CPython</a>&nbsp;reference implementation that would offer marginal increases in speed at the cost of clarity.<a href=\"https://en.wikipedia.org/wiki/Python_(programming_language)#cite_note-AutoNT-20-51\">[51]</a>&nbsp;When speed is important, a Python programmer can move time-critical functions to extension modules written in languages such as C, or use&nbsp;<a href=\"https://en.wikipedia.org/wiki/PyPy\">PyPy</a>, a&nbsp;<a href=\"https://en.wikipedia.org/wiki/Just-in-time_compilation\">just-in-time compiler</a>.&nbsp;<a href=\"https://en.wikipedia.org/wiki/Cython\">Cython</a>&nbsp;is also available, which translates a Python script into C and makes direct C-level API calls into the Python interpreter.</p>\r\n\r\n<p>An important goal of Python&#39;s developers is keeping it fun to use. This is reflected in the language&#39;s name&mdash;a tribute to the British comedy group&nbsp;<a href=\"https://en.wikipedia.org/wiki/Monty_Python\">Monty Python</a><a href=\"https://en.wikipedia.org/wiki/Python_(programming_language)#cite_note-AutoNT-24-52\">[52]</a>&mdash;and in occasionally playful approaches to tutorials and reference materials, such as examples that refer to spam and eggs (from a&nbsp;<a href=\"https://en.wikipedia.org/wiki/Spam_(Monty_Python)\">famous Monty Python sketch</a>) instead of the standard&nbsp;<a href=\"https://en.wikipedia.org/wiki/Foobar\">foo and bar</a>.<a href=\"https://en.wikipedia.org/wiki/Python_(programming_language)#cite_note-53\">[53]</a><a href=\"https://en.wikipedia.org/wiki/Python_(programming_language)#cite_note-54\">[54]</a></p>\r\n\r\n<p>A common&nbsp;<a href=\"https://en.wikipedia.org/wiki/Neologism\">neologism</a>&nbsp;in the Python community is&nbsp;<em>pythonic</em>, which can have a wide range of meanings related to program style. To say that code is pythonic is to say that it uses Python idioms well, that it is natural or shows fluency in the language, that it conforms with Python&#39;s minimalist philosophy and emphasis on readability. In contrast, code that is difficult to understand or reads like a rough transcription from another programming language is called&nbsp;<em>unpythonic</em>.</p>\r\n', 1, '', '2019-03-02 15:22:04', 1, '2019-03-02 15:27:08', 1),
(74, 13, 'Arduino', '<p><strong>Arduino</strong>&nbsp;is an&nbsp;<a href=\"https://en.wikipedia.org/wiki/Open-source_hardware\">open-source hardware</a>&nbsp;and&nbsp;<a href=\"https://en.wikipedia.org/wiki/Open-source_software\">software</a>&nbsp;company, project and user community that designs and manufactures&nbsp;<a href=\"https://en.wikipedia.org/wiki/Single-board_microcontroller\">single-board microcontrollers</a>&nbsp;and&nbsp;<a href=\"https://en.wikipedia.org/wiki/Microcontroller\">microcontroller</a>&nbsp;kits for building digital devices and interactive objects that can sense and control both physically and digitally. Its products are licensed under the&nbsp;<a href=\"https://en.wikipedia.org/wiki/GNU_Lesser_General_Public_License\">GNU Lesser General Public License</a>&nbsp;(LGPL) or the&nbsp;<a href=\"https://en.wikipedia.org/wiki/GNU_General_Public_License\">GNU General Public License</a>&nbsp;(GPL),<a href=\"https://en.wikipedia.org/wiki/Arduino#cite_note-1\">[1]</a>&nbsp;permitting the manufacture of Arduino boards and software distribution by anyone. Arduino boards are available commercially in preassembled form or as&nbsp;<a href=\"https://en.wikipedia.org/wiki/Do-it-yourself\">do-it-yourself</a>&nbsp;(DIY) kits.</p>\r\n\r\n<p>Arduino board designs use a variety of microprocessors and controllers. The boards are equipped with sets of digital and analog&nbsp;<a href=\"https://en.wikipedia.org/wiki/Input/output\">input/output</a>&nbsp;(I/O) pins that may be interfaced to various expansion boards or&nbsp;<a href=\"https://en.wikipedia.org/wiki/Breadboards\">breadboards</a>&nbsp;(<em>shields</em>) and other circuits. The boards feature serial communications interfaces, including&nbsp;<a href=\"https://en.wikipedia.org/wiki/Universal_Serial_Bus\">Universal Serial Bus</a>&nbsp;(USB) on some models, which are also used for loading programs from personal computers. The microcontrollers are typically programmed using a dialect of features from the programming languages&nbsp;<a href=\"https://en.wikipedia.org/wiki/C_(programming_language)\">C</a>&nbsp;and&nbsp;<a href=\"https://en.wikipedia.org/wiki/C%2B%2B\">C++</a>. In addition to using traditional&nbsp;<a href=\"https://en.wikipedia.org/wiki/Compiler\">compiler</a>&nbsp;<a href=\"https://en.wikipedia.org/wiki/Toolchains\">toolchains</a>, the Arduino project provides an&nbsp;<a href=\"https://en.wikipedia.org/wiki/Integrated_development_environment\">integrated development environment</a>&nbsp;(IDE) based on the&nbsp;<a href=\"https://en.wikipedia.org/wiki/Processing_(programming_language)\">Processing</a>&nbsp;language project.</p>\r\n\r\n<p>The Arduino project started in 2003 as a program for students at the&nbsp;<a href=\"https://en.wikipedia.org/wiki/Interaction_Design_Institute_Ivrea\">Interaction Design Institute Ivrea</a>&nbsp;in&nbsp;<a href=\"https://en.wikipedia.org/wiki/Ivrea\">Ivrea</a>, Italy,<a href=\"https://en.wikipedia.org/wiki/Arduino#cite_note-kushner-2\">[2]</a>&nbsp;aiming to provide a low-cost and easy way for novices and professionals to create devices that interact with their environment using&nbsp;<a href=\"https://en.wikipedia.org/wiki/Sensor\">sensors</a>&nbsp;and&nbsp;<a href=\"https://en.wikipedia.org/wiki/Actuator\">actuators</a>. Common examples of such devices intended for beginner hobbyists include simple&nbsp;<a href=\"https://en.wikipedia.org/wiki/Robot\">robots</a>,&nbsp;<a href=\"https://en.wikipedia.org/wiki/Thermostat\">thermostats</a>&nbsp;and&nbsp;<a href=\"https://en.wikipedia.org/wiki/Motion_detector\">motion detectors</a>.</p>\r\n', 0, '', '2019-03-02 15:40:36', 1, '2019-03-03 16:55:46', 1),
(75, 13, 'Python (programming language)', '<p><strong>Python</strong>&nbsp;is an&nbsp;<a href=\"https://en.wikipedia.org/wiki/Interpreted_language\">interpreted</a>,&nbsp;<a href=\"https://en.wikipedia.org/wiki/High-level_programming_language\">high-level</a>,&nbsp;<a href=\"https://en.wikipedia.org/wiki/General-purpose_programming_language\">general-purpose programming language</a>. Created by&nbsp;<a href=\"https://en.wikipedia.org/wiki/Guido_van_Rossum\">Guido van Rossum</a>&nbsp;and first released in 1991, Python has a design philosophy that emphasizes&nbsp;<a href=\"https://en.wikipedia.org/wiki/Code_readability\">code readability</a>, notably using&nbsp;<a href=\"https://en.wikipedia.org/wiki/Significant_whitespace\">significant whitespace</a>. It provides constructs that enable clear programming on both small and large scales.<a href=\"https://en.wikipedia.org/wiki/Python_(programming_language)#cite_note-AutoNT-7-26\">[26]</a>&nbsp;Van Rossum led the language community until stepping down as leader in July 2018.<a href=\"https://en.wikipedia.org/wiki/Python_(programming_language)#cite_note-27\">[27]</a><a href=\"https://en.wikipedia.org/wiki/Python_(programming_language)#cite_note-28\">[28]</a></p>\r\n\r\n<p>Python features a&nbsp;<a href=\"https://en.wikipedia.org/wiki/Dynamic_type\">dynamic type</a>&nbsp;system and automatic&nbsp;<a href=\"https://en.wikipedia.org/wiki/Memory_management\">memory management</a>. It supports multiple&nbsp;<a href=\"https://en.wikipedia.org/wiki/Programming_paradigm\">programming paradigms</a>, including&nbsp;<a href=\"https://en.wikipedia.org/wiki/Object-oriented_programming\">object-oriented</a>,&nbsp;<a href=\"https://en.wikipedia.org/wiki/Imperative_programming\">imperative</a>,&nbsp;<a href=\"https://en.wikipedia.org/wiki/Functional_programming\">functional</a>&nbsp;and&nbsp;<a href=\"https://en.wikipedia.org/wiki/Procedural_programming\">procedural</a>, and has a large and comprehensive&nbsp;<a href=\"https://en.wikipedia.org/wiki/Standard_library\">standard library</a>.<a href=\"https://en.wikipedia.org/wiki/Python_(programming_language)#cite_note-About-29\">[29]</a></p>\r\n\r\n<p>Python interpreters are available for many&nbsp;<a href=\"https://en.wikipedia.org/wiki/Operating_system\">operating systems</a>.&nbsp;<a href=\"https://en.wikipedia.org/wiki/CPython\">CPython</a>, the&nbsp;<a href=\"https://en.wikipedia.org/wiki/Reference_implementation\">reference implementation</a>&nbsp;of Python, is&nbsp;<a href=\"https://en.wikipedia.org/wiki/Open-source_software\">open source</a>&nbsp;software<a href=\"https://en.wikipedia.org/wiki/Python_(programming_language)#cite_note-30\">[30]</a>&nbsp;and has a community-based development model, as do nearly all of Python&#39;s other implementations. Python and CPython are managed by the non-profit&nbsp;<a href=\"https://en.wikipedia.org/wiki/Python_Software_Foundation\">Python Software Foundation</a>.</p>\r\n\r\n<p>Python was conceived in the late 1980s<a href=\"https://en.wikipedia.org/wiki/Python_(programming_language)#cite_note-venners-interview-pt-1-31\">[31]</a>&nbsp;by&nbsp;<a href=\"https://en.wikipedia.org/wiki/Guido_van_Rossum\">Guido van Rossum</a>&nbsp;at&nbsp;<a href=\"https://en.wikipedia.org/wiki/Centrum_Wiskunde_%26_Informatica\">Centrum Wiskunde &amp; Informatica</a>&nbsp;(CWI) in the&nbsp;<a href=\"https://en.wikipedia.org/wiki/Netherlands\">Netherlands</a>&nbsp;as a successor to the&nbsp;<a href=\"https://en.wikipedia.org/wiki/ABC_(programming_language)\">ABC language</a>&nbsp;(itself inspired by&nbsp;<a href=\"https://en.wikipedia.org/wiki/SETL\">SETL</a>)<a href=\"https://en.wikipedia.org/wiki/Python_(programming_language)#cite_note-AutoNT-12-32\">[32]</a>, capable of&nbsp;<a href=\"https://en.wikipedia.org/wiki/Exception_handling\">exception handling</a>&nbsp;and interfacing with the&nbsp;<a href=\"https://en.wikipedia.org/wiki/Amoeba_(operating_system)\">Amoeba</a>&nbsp;operating system.<a href=\"https://en.wikipedia.org/wiki/Python_(programming_language)#cite_note-faq-created-7\">[7]</a>&nbsp;Its implementation began in December 1989.<a href=\"https://en.wikipedia.org/wiki/Python_(programming_language)#cite_note-timeline-of-python-33\">[33]</a>&nbsp;Van Rossum&#39;s long influence on Python is reflected in the title given to him by the Python community:&nbsp;<em><a href=\"https://en.wikipedia.org/wiki/Benevolent_Dictator_For_Life\">Benevolent Dictator For Life</a></em>&nbsp;(BDFL)&nbsp;&ndash; a post from which he gave himself permanent vacation on July 12, 2018.<a href=\"https://en.wikipedia.org/wiki/Python_(programming_language)#cite_note-lj-bdfl-resignation-34\">[34]</a></p>\r\n\r\n<p>Python 2.0 was released on 16 October 2000 with many major new features, including a&nbsp;<a href=\"https://en.wikipedia.org/wiki/Cycle_detection\">cycle-detecting</a>&nbsp;<a href=\"https://en.wikipedia.org/wiki/Garbage_collection_(computer_science)\">garbage collector</a>&nbsp;and support for&nbsp;<a href=\"https://en.wikipedia.org/wiki/Unicode\">Unicode</a>.<a href=\"https://en.wikipedia.org/wiki/Python_(programming_language)#cite_note-newin-2.0-35\">[35]</a></p>\r\n\r\n<p>Python 3.0 was released on 3 December 2008. It was a major revision of the language that is not completely&nbsp;<a href=\"https://en.wikipedia.org/wiki/Backward_compatibility\">backward-compatible</a>.<a href=\"https://en.wikipedia.org/wiki/Python_(programming_language)#cite_note-3.0-release-36\">[36]</a>&nbsp;Many of its major features were&nbsp;<a href=\"https://en.wikipedia.org/wiki/Backporting\">backported</a>&nbsp;to Python 2.6.x<a href=\"https://en.wikipedia.org/wiki/Python_(programming_language)#cite_note-pep-3000-37\">[37]</a>&nbsp;and 2.7.x version series. Releases of Python 3 include the&nbsp;<code>2to3</code>&nbsp;utility, which automates (at least partially) the translation of Python 2 code to Python 3.<a href=\"https://en.wikipedia.org/wiki/Python_(programming_language)#cite_note-38\">[38]</a></p>\r\n\r\n<p>Python 2.7&#39;s&nbsp;<a href=\"https://en.wikipedia.org/wiki/End-of-life_(product)\">end-of-life</a>&nbsp;date was initially set at 2015 then postponed to 2020 out of concern that a large body of existing code could not easily be forward-ported to Python 3.<a href=\"https://en.wikipedia.org/wiki/Python_(programming_language)#cite_note-39\">[39]</a><a href=\"https://en.wikipedia.org/wiki/Python_(programming_language)#cite_note-40\">[40]</a>&nbsp;In January 2017, Google announced work on a Python 2.7 to&nbsp;<a href=\"https://en.wikipedia.org/wiki/Go_(programming_language)\">Go</a>&nbsp;<a href=\"https://en.wikipedia.org/wiki/Transcompiler\">transcompiler</a>&nbsp;to improve performance under concurrent workloads.<a href=\"https://en.wikipedia.org/wiki/Python_(programming_language)#cite_note-41\">[41]</a></p>\r\n', 1, '', '2019-03-02 14:21:17', 1, '2019-03-02 15:27:33', 1),
(76, 2, 'My second posts', 'Lorem ipsum dolor sit amet, consectetur adipisicing elit, sed do eiusmod\r\ntempor incididunt ut labore et dolore magna aliqua. Ut enim ad minim veniam,\r\nquis nostrud exercitation ullamco laboris nisi ut aliquip ex ea commodo\r\nconsequat. Duis aute irure dolor in reprehenderit in voluptate velit esse\r\ncillum dolore eu fugiat nulla pariatur. Excepteur sint occaecat cupidatat non\r\nproident, sunt in culpa qui officia deserunt mollit anim id est laborum.Lorem ipsum dolor sit amet, consectetur adipisicing elit, sed do eiusmod\r\ntempor incididunt ut labore et dolore magna aliqua. Ut enim ad minim veniam,\r\nquis nostrud exercitation ullamco laboris nisi ut aliquip ex ea commodo\r\nconsequat. Duis aute irure dolor in reprehenderit in voluptate velit esse\r\ncillum dolore eu fugiat nulla pariatur. Excepteur sint occaecat cupidatat non\r\nproident, sunt in culpa qui officia deserunt mollit anim id est laborum.Lorem ipsum dolor sit amet, consectetur adipisicing elit, sed do eiusmod\r\ntempor incididunt ut labore et dolore magna aliqua. Ut enim ad minim veniam,\r\nquis nostrud exercitation ullamco laboris nisi ut aliquip ex ea commodo\r\nconsequat. Duis aute irure dolor in reprehenderit in voluptate velit esse\r\ncillum dolore eu fugiat nulla pariatur. Excepteur sint occaecat cupidatat non\r\nproident, sunt in culpa qui officia deserunt mollit anim id est laborum.', 1, '05.jpg', '2018-12-15 19:07:50', 1, '2018-12-15 19:07:50', 1),
(77, 2, 'PHP development began in 1994 when', 'Lorem ipsum dolor sit amet, consectetur adipisicing elit, sed do eiusmod\r\ntempor incididunt ut labore et dolore magna aliqua. Ut enim ad minim veniam,\r\nquis nostrud exercitation ullamco laboris nisi ut aliquip ex ea commodo\r\nconsequat. Duis aute irure dolor in reprehenderit in voluptate velit esse\r\ncillum dolore eu fugiat nulla pariatur. Excepteur sint occaecat cupidatat non\r\nproident, sunt in culpa qui officia deserunt mollit anim id est laborum.Lorem ipsum dolor sit amet, consectetur adipisicing elit, sed do eiusmod\r\ntempor incididunt ut labore et dolore magna aliqua. Ut enim ad minim veniam,\r\nquis nostrud exercitation ullamco laboris nisi ut aliquip ex ea commodo\r\nconsequat. Duis aute irure dolor in reprehenderit in voluptate velit esse\r\ncillum dolore eu fugiat nulla pariatur. Excepteur sint occaecat cupidatat non\r\nproident, sunt in culpa qui officia deserunt mollit anim id est laborum.Lorem ipsum dolor sit amet, consectetur adipisicing elit, sed do eiusmod\r\ntempor incididunt ut labore et dolore magna aliqua. Ut enim ad minim veniam,\r\nquis nostrud exercitation ullamco laboris nisi ut aliquip ex ea commodo\r\nconsequat. Duis aute irure dolor in reprehenderit in voluptate velit esse\r\ncillum dolore eu fugiat nulla pariatur. Excepteur sint occaecat cupidatat non\r\nproident, sunt in culpa qui officia deserunt mollit anim id est laborum.', 1, 'php7.jpg', '2019-02-25 22:17:18', 2, '2019-02-25 22:17:18', 2);
INSERT INTO `posts` (`id`, `post_category_id`, `post_title`, `post_content`, `post_status`, `post_image`, `created_date`, `created_by_id`, `updated_date`, `updated_by_id`) VALUES
(78, 2, 'PHP 3 and 4, 5 and 6', 'Lorem ipsum dolor sit amet, consectetur adipisicing elit, sed do eiusmod\r\ntempor incididunt ut labore et dolore magna aliqua. Ut enim ad minim veniam,\r\nquis nostrud exercitation ullamco laboris nisi ut aliquip ex ea commodo\r\nconsequat. Duis aute irure dolor in reprehenderit in voluptate velit esse\r\ncillum dolore eu fugiat nulla pariatur. Excepteur sint occaecat cupidatat non\r\nproident, sunt in culpa qui officia deserunt mollit anim id est laborum.Lorem ipsum dolor sit amet, consectetur adipisicing elit, sed do eiusmod\r\ntempor incididunt ut labore et dolore magna aliqua. Ut enim ad minim veniam,\r\nquis nostrud exercitation ullamco laboris nisi ut aliquip ex ea commodo\r\nconsequat. Duis aute irure dolor in reprehenderit in voluptate velit esse\r\ncillum dolore eu fugiat nulla pariatur. Excepteur sint occaecat cupidatat non\r\nproident, sunt in culpa qui officia deserunt mollit anim id est laborum.Lorem ipsum dolor sit amet, consectetur adipisicing elit, sed do eiusmod\r\ntempor incididunt ut labore et dolore magna aliqua. Ut enim ad minim veniam,\r\nquis nostrud exercitation ullamco laboris nisi ut aliquip ex ea commodo\r\nconsequat. Duis aute irure dolor in reprehenderit in voluptate velit esse\r\ncillum dolore eu fugiat nulla pariatur. Excepteur sint occaecat cupidatat non\r\nproident, sunt in culpa qui officia deserunt mollit anim id est laborum.Lorem ipsum dolor sit amet, consectetur adipisicing elit, sed do eiusmod\r\ntempor incididunt ut labore et dolore magna aliqua. Ut enim ad minim veniam,\r\nquis nostrud exercitation ullamco laboris nisi ut aliquip ex ea commodo\r\nconsequat. Duis aute irure dolor in reprehenderit in voluptate velit esse\r\ncillum dolore eu fugiat nulla pariatur. Excepteur sint occaecat cupidatat non\r\nproident, sunt in culpa qui officia deserunt mollit anim id est laborum.', 1, 'php.jpg', '2019-02-25 22:19:59', 2, '2019-02-25 22:19:59', 2),
(79, 2, 'PHP 7', 'Lorem ipsum dolor sit amet, consectetur adipisicing elit, sed do eiusmod\r\ntempor incididunt ut labore et dolore magna aliqua. Ut enim ad minim veniam,\r\nquis nostrud exercitation ullamco laboris nisi ut aliquip ex ea commodo\r\nconsequat. Duis aute irure dolor in reprehenderit in voluptate velit esse\r\ncillum dolore eu fugiat nulla pariatur. Excepteur sint occaecat cupidatat non\r\nproident, sunt in culpa qui officia deserunt mollit anim id est laborum.Lorem ipsum dolor sit amet, consectetur adipisicing elit, sed do eiusmod\r\ntempor incididunt ut labore et dolore magna aliqua. Ut enim ad minim veniam,\r\nquis nostrud exercitation ullamco laboris nisi ut aliquip ex ea commodo\r\nconsequat. Duis aute irure dolor in reprehenderit in voluptate velit esse\r\ncillum dolore eu fugiat nulla pariatur. Excepteur sint occaecat cupidatat non\r\nproident, sunt in culpa qui officia deserunt mollit anim id est laborum.Lorem ipsum dolor sit amet, consectetur adipisicing elit, sed do eiusmod\r\ntempor incididunt ut labore et dolore magna aliqua. Ut enim ad minim veniam,\r\nquis nostrud exercitation ullamco laboris nisi ut aliquip ex ea commodo\r\nconsequat. Duis aute irure dolor in reprehenderit in voluptate velit esse\r\ncillum dolore eu fugiat nulla pariatur. Excepteur sint occaecat cupidatat non\r\nproident, sunt in culpa qui officia deserunt mollit anim id est laborum.Lorem ipsum dolor sit amet, consectetur adipisicing elit, sed do eiusmod\r\ntempor incididunt ut labore et dolore magna aliqua. Ut enim ad minim veniam,\r\nquis nostrud exercitation ullamco laboris nisi ut aliquip ex ea commodo\r\nconsequat. Duis aute irure dolor in reprehenderit in voluptate velit esse\r\ncillum dolore eu fugiat nulla pariatur. Excepteur sint occaecat cupidatat non\r\nproident, sunt in culpa qui officia deserunt mollit anim id est laborum.', 1, 'php7.jpg', '2019-02-25 22:22:06', 2, '2019-02-25 22:22:06', 2),
(80, 13, 'Features and philosophy in Python', '<p>Python is a&nbsp;<a href=\"https://en.wikipedia.org/wiki/Multi-paradigm_programming_language\">multi-paradigm programming language</a>.&nbsp;<a href=\"https://en.wikipedia.org/wiki/Object-oriented_programming\">Object-oriented programming</a>&nbsp;and&nbsp;<a href=\"https://en.wikipedia.org/wiki/Structured_programming\">structured programming</a>&nbsp;are fully supported, and many of its features support&nbsp;<a href=\"https://en.wikipedia.org/wiki/Functional_programming\">functional programming</a>&nbsp;and&nbsp;<a href=\"https://en.wikipedia.org/wiki/Aspect-oriented_programming\">aspect-oriented programming</a>&nbsp;(including by&nbsp;<a href=\"https://en.wikipedia.org/wiki/Metaprogramming\">metaprogramming</a><a href=\"https://en.wikipedia.org/wiki/Python_(programming_language)#cite_note-AutoNT-13-42\">[42]</a>&nbsp;and&nbsp;<a href=\"https://en.wikipedia.org/wiki/Metaobject\">metaobjects</a>&nbsp;(magic methods)).<a href=\"https://en.wikipedia.org/wiki/Python_(programming_language)#cite_note-AutoNT-14-43\">[43]</a>&nbsp;Many other paradigms are supported via extensions, including&nbsp;<a href=\"https://en.wikipedia.org/wiki/Design_by_contract\">design by contract</a><a href=\"https://en.wikipedia.org/wiki/Python_(programming_language)#cite_note-AutoNT-15-44\">[44]</a><a href=\"https://en.wikipedia.org/wiki/Python_(programming_language)#cite_note-AutoNT-16-45\">[45]</a>&nbsp;and&nbsp;<a href=\"https://en.wikipedia.org/wiki/Logic_programming\">logic programming</a>.<a href=\"https://en.wikipedia.org/wiki/Python_(programming_language)#cite_note-AutoNT-17-46\">[46]</a></p>\r\n\r\n<p>Python uses&nbsp;<a href=\"https://en.wikipedia.org/wiki/Dynamic_typing\">dynamic typing</a>, and a combination of&nbsp;<a href=\"https://en.wikipedia.org/wiki/Reference_counting\">reference counting</a>&nbsp;and a cycle-detecting garbage collector for&nbsp;<a href=\"https://en.wikipedia.org/wiki/Memory_management\">memory management</a>. It also features dynamic&nbsp;<a href=\"https://en.wikipedia.org/wiki/Name_resolution_(programming_languages)\">name resolution</a>&nbsp;(<a href=\"https://en.wikipedia.org/wiki/Late_binding\">late binding</a>), which binds method and variable names during program execution.</p>\r\n\r\n<p>Python&#39;s design offers some support for&nbsp;<a href=\"https://en.wikipedia.org/wiki/Functional_programming\">functional programming</a>&nbsp;in the&nbsp;<a href=\"https://en.wikipedia.org/wiki/Lisp_(programming_language)\">Lisp</a>&nbsp;tradition. It has&nbsp;<code>filter()</code>,&nbsp;<code>map()</code>, and&nbsp;<code>reduce()</code>&nbsp;functions;&nbsp;<a href=\"https://en.wikipedia.org/wiki/List_comprehension\">list comprehensions</a>,&nbsp;<a href=\"https://en.wikipedia.org/wiki/Associative_array\">dictionaries</a>, and sets; and&nbsp;<a href=\"https://en.wikipedia.org/wiki/Generator_(computer_programming)\">generator</a>&nbsp;expressions.<a href=\"https://en.wikipedia.org/wiki/Python_(programming_language)#cite_note-AutoNT-59-47\">[47]</a>&nbsp;The standard library has two modules (itertools and functools) that implement functional tools borrowed from&nbsp;<a href=\"https://en.wikipedia.org/wiki/Haskell_(programming_language)\">Haskell</a>&nbsp;and&nbsp;<a href=\"https://en.wikipedia.org/wiki/Standard_ML\">Standard ML</a>.<a href=\"https://en.wikipedia.org/wiki/Python_(programming_language)#cite_note-AutoNT-18-48\">[48]</a></p>\r\n\r\n<p>The language&#39;s core philosophy is summarized in the document&nbsp;<em>The&nbsp;<a href=\"https://en.wikipedia.org/wiki/Zen_of_Python\">Zen of Python</a></em>&nbsp;(<em>PEP 20</em>), which includes&nbsp;<a href=\"https://en.wikipedia.org/wiki/Aphorism\">aphorisms</a>&nbsp;such as:<a href=\"https://en.wikipedia.org/wiki/Python_(programming_language)#cite_note-PEP20-49\">[49]</a></p>\r\n\r\n<ul>\r\n	<li>Beautiful is better than ugly</li>\r\n	<li>Explicit is better than implicit</li>\r\n	<li>Simple is better than complex</li>\r\n	<li>Complex is better than complicated</li>\r\n	<li>Readability counts</li>\r\n</ul>\r\n\r\n<p>Rather than having all of its functionality built into its core, Python was designed to be highly&nbsp;<a href=\"https://en.wikipedia.org/wiki/Extensibility\">extensible</a>. This compact modularity has made it particularly popular as a means of adding programmable interfaces to existing applications. Van Rossum&#39;s vision of a small core language with a large standard library and easily extensible interpreter stemmed from his frustrations with&nbsp;<a href=\"https://en.wikipedia.org/wiki/ABC_(programming_language)\">ABC</a>, which espoused the opposite approach.<a href=\"https://en.wikipedia.org/wiki/Python_(programming_language)#cite_note-venners-interview-pt-1-31\">[31]</a></p>\r\n\r\n<p>While offering choice in coding methodology, the Python philosophy rejects exuberant syntax (such as that of&nbsp;<a href=\"https://en.wikipedia.org/wiki/Perl\">Perl</a>) in favor of a simpler, less-cluttered grammar. As&nbsp;<a href=\"https://en.wikipedia.org/wiki/Alex_Martelli\">Alex Martelli</a>&nbsp;put it: &quot;To describe something as &#39;clever&#39; is&nbsp;<em>not</em>&nbsp;considered a compliment in the Python culture.&quot;<a href=\"https://en.wikipedia.org/wiki/Python_(programming_language)#cite_note-AutoNT-19-50\">[50]</a>&nbsp;Python&#39;s philosophy rejects the Perl &quot;<a href=\"https://en.wikipedia.org/wiki/There_is_more_than_one_way_to_do_it\">there is more than one way to do it</a>&quot; approach to language design in favor of &quot;there should be one&mdash;and preferably only one&mdash;obvious way to do it&quot;.<a href=\"https://en.wikipedia.org/wiki/Python_(programming_language)#cite_note-PEP20-49\">[49]</a></p>\r\n\r\n<p>Python&#39;s developers strive to avoid&nbsp;<a href=\"https://en.wikipedia.org/wiki/Premature_optimization\">premature optimization</a>, and reject patches to non-critical parts of the&nbsp;<a href=\"https://en.wikipedia.org/wiki/CPython\">CPython</a>&nbsp;reference implementation that would offer marginal increases in speed at the cost of clarity.<a href=\"https://en.wikipedia.org/wiki/Python_(programming_language)#cite_note-AutoNT-20-51\">[51]</a>&nbsp;When speed is important, a Python programmer can move time-critical functions to extension modules written in languages such as C, or use&nbsp;<a href=\"https://en.wikipedia.org/wiki/PyPy\">PyPy</a>, a&nbsp;<a href=\"https://en.wikipedia.org/wiki/Just-in-time_compilation\">just-in-time compiler</a>.&nbsp;<a href=\"https://en.wikipedia.org/wiki/Cython\">Cython</a>&nbsp;is also available, which translates a Python script into C and makes direct C-level API calls into the Python interpreter.</p>\r\n\r\n<p>An important goal of Python&#39;s developers is keeping it fun to use. This is reflected in the language&#39;s name&mdash;a tribute to the British comedy group&nbsp;<a href=\"https://en.wikipedia.org/wiki/Monty_Python\">Monty Python</a><a href=\"https://en.wikipedia.org/wiki/Python_(programming_language)#cite_note-AutoNT-24-52\">[52]</a>&mdash;and in occasionally playful approaches to tutorials and reference materials, such as examples that refer to spam and eggs (from a&nbsp;<a href=\"https://en.wikipedia.org/wiki/Spam_(Monty_Python)\">famous Monty Python sketch</a>) instead of the standard&nbsp;<a href=\"https://en.wikipedia.org/wiki/Foobar\">foo and bar</a>.<a href=\"https://en.wikipedia.org/wiki/Python_(programming_language)#cite_note-53\">[53]</a><a href=\"https://en.wikipedia.org/wiki/Python_(programming_language)#cite_note-54\">[54]</a></p>\r\n\r\n<p>A common&nbsp;<a href=\"https://en.wikipedia.org/wiki/Neologism\">neologism</a>&nbsp;in the Python community is&nbsp;<em>pythonic</em>, which can have a wide range of meanings related to program style. To say that code is pythonic is to say that it uses Python idioms well, that it is natural or shows fluency in the language, that it conforms with Python&#39;s minimalist philosophy and emphasis on readability. In contrast, code that is difficult to understand or reads like a rough transcription from another programming language is called&nbsp;<em>unpythonic</em>.</p>\r\n', 1, '', '2019-03-02 15:22:04', 1, '2019-03-02 15:27:08', 1),
(81, 10, 'What is css?', '<p>Lorem ipsum dolor sit amet, consectetur adipisicing elit, sed do eiusmod<br />\r\ntempor incididunt ut labore et dolore magna aliqua. Ut enim ad minim veniam,<br />\r\nquis nostrud exercitation ullamco laboris nisi ut aliquip ex ea commodo<br />\r\nconsequat. Duis aute irure dolor in reprehenderit in voluptate velit esse<br />\r\ncillum dolore eu fugiat nulla pariatur. Excepteur sint occaecat cupidatat non<br />\r\nproident, sunt in culpa qui officia deserunt mollit anim id est laborum.Lorem ipsum dolor sit amet, consectetur adipisicing elit, sed do eiusmod<br />\r\ntempor incididunt ut labore et dolore magna aliqua. Ut enim ad minim veniam,<br />\r\nquis nostrud exercitation ullamco laboris nisi ut aliquip ex ea commodo<br />\r\nconsequat. Duis aute irure dolor in reprehenderit in voluptate velit esse<br />\r\ncillum dolore eu fugiat nulla pariatur. Excepteur sint occaecat cupidatat non<br />\r\nproident, sunt in culpa qui officia deserunt mollit anim id est laborum.Lorem ipsum dolor sit amet, consectetur adipisicing elit, sed do eiusmod<br />\r\ntempor incididunt ut labore et dolore magna aliqua. Ut enim ad minim veniam,<br />\r\nquis nostrud exercitation ullamco laboris nisi ut aliquip ex ea commodo<br />\r\nconsequat. Duis aute irure dolor in reprehenderit in voluptate velit esse<br />\r\ncillum dolore eu fugiat nulla pariatur. Excepteur sint occaecat cupidatat non<br />\r\nproident, sunt in culpa qui officia deserunt mollit anim id est laborum.Lorem ipsum dolor sit amet, consectetur adipisicing elit, sed do eiusmod<br />\r\ntempor incididunt ut labore et dolore magna aliqua. Ut enim ad minim veniam,<br />\r\nquis nostrud exercitation ullamco laboris nisi ut aliquip ex ea commodo<br />\r\nconsequat. Duis aute irure dolor in reprehenderit in voluptate velit esse<br />\r\ncillum dolore eu fugiat nulla pariatur. Excepteur sint occaecat cupidatat non<br />\r\nproident, sunt in culpa qui officia deserunt mollit anim id est laborum.</p>\r\n', 1, '', '2019-03-01 21:16:44', 24, '2019-03-01 21:16:44', 24),
(82, 13, 'Python (programming language)', '<p><strong>Python</strong>&nbsp;is an&nbsp;<a href=\"https://en.wikipedia.org/wiki/Interpreted_language\">interpreted</a>,&nbsp;<a href=\"https://en.wikipedia.org/wiki/High-level_programming_language\">high-level</a>,&nbsp;<a href=\"https://en.wikipedia.org/wiki/General-purpose_programming_language\">general-purpose programming language</a>. Created by&nbsp;<a href=\"https://en.wikipedia.org/wiki/Guido_van_Rossum\">Guido van Rossum</a>&nbsp;and first released in 1991, Python has a design philosophy that emphasizes&nbsp;<a href=\"https://en.wikipedia.org/wiki/Code_readability\">code readability</a>, notably using&nbsp;<a href=\"https://en.wikipedia.org/wiki/Significant_whitespace\">significant whitespace</a>. It provides constructs that enable clear programming on both small and large scales.<a href=\"https://en.wikipedia.org/wiki/Python_(programming_language)#cite_note-AutoNT-7-26\">[26]</a>&nbsp;Van Rossum led the language community until stepping down as leader in July 2018.<a href=\"https://en.wikipedia.org/wiki/Python_(programming_language)#cite_note-27\">[27]</a><a href=\"https://en.wikipedia.org/wiki/Python_(programming_language)#cite_note-28\">[28]</a></p>\r\n\r\n<p>Python features a&nbsp;<a href=\"https://en.wikipedia.org/wiki/Dynamic_type\">dynamic type</a>&nbsp;system and automatic&nbsp;<a href=\"https://en.wikipedia.org/wiki/Memory_management\">memory management</a>. It supports multiple&nbsp;<a href=\"https://en.wikipedia.org/wiki/Programming_paradigm\">programming paradigms</a>, including&nbsp;<a href=\"https://en.wikipedia.org/wiki/Object-oriented_programming\">object-oriented</a>,&nbsp;<a href=\"https://en.wikipedia.org/wiki/Imperative_programming\">imperative</a>,&nbsp;<a href=\"https://en.wikipedia.org/wiki/Functional_programming\">functional</a>&nbsp;and&nbsp;<a href=\"https://en.wikipedia.org/wiki/Procedural_programming\">procedural</a>, and has a large and comprehensive&nbsp;<a href=\"https://en.wikipedia.org/wiki/Standard_library\">standard library</a>.<a href=\"https://en.wikipedia.org/wiki/Python_(programming_language)#cite_note-About-29\">[29]</a></p>\r\n\r\n<p>Python interpreters are available for many&nbsp;<a href=\"https://en.wikipedia.org/wiki/Operating_system\">operating systems</a>.&nbsp;<a href=\"https://en.wikipedia.org/wiki/CPython\">CPython</a>, the&nbsp;<a href=\"https://en.wikipedia.org/wiki/Reference_implementation\">reference implementation</a>&nbsp;of Python, is&nbsp;<a href=\"https://en.wikipedia.org/wiki/Open-source_software\">open source</a>&nbsp;software<a href=\"https://en.wikipedia.org/wiki/Python_(programming_language)#cite_note-30\">[30]</a>&nbsp;and has a community-based development model, as do nearly all of Python&#39;s other implementations. Python and CPython are managed by the non-profit&nbsp;<a href=\"https://en.wikipedia.org/wiki/Python_Software_Foundation\">Python Software Foundation</a>.</p>\r\n\r\n<p>Python was conceived in the late 1980s<a href=\"https://en.wikipedia.org/wiki/Python_(programming_language)#cite_note-venners-interview-pt-1-31\">[31]</a>&nbsp;by&nbsp;<a href=\"https://en.wikipedia.org/wiki/Guido_van_Rossum\">Guido van Rossum</a>&nbsp;at&nbsp;<a href=\"https://en.wikipedia.org/wiki/Centrum_Wiskunde_%26_Informatica\">Centrum Wiskunde &amp; Informatica</a>&nbsp;(CWI) in the&nbsp;<a href=\"https://en.wikipedia.org/wiki/Netherlands\">Netherlands</a>&nbsp;as a successor to the&nbsp;<a href=\"https://en.wikipedia.org/wiki/ABC_(programming_language)\">ABC language</a>&nbsp;(itself inspired by&nbsp;<a href=\"https://en.wikipedia.org/wiki/SETL\">SETL</a>)<a href=\"https://en.wikipedia.org/wiki/Python_(programming_language)#cite_note-AutoNT-12-32\">[32]</a>, capable of&nbsp;<a href=\"https://en.wikipedia.org/wiki/Exception_handling\">exception handling</a>&nbsp;and interfacing with the&nbsp;<a href=\"https://en.wikipedia.org/wiki/Amoeba_(operating_system)\">Amoeba</a>&nbsp;operating system.<a href=\"https://en.wikipedia.org/wiki/Python_(programming_language)#cite_note-faq-created-7\">[7]</a>&nbsp;Its implementation began in December 1989.<a href=\"https://en.wikipedia.org/wiki/Python_(programming_language)#cite_note-timeline-of-python-33\">[33]</a>&nbsp;Van Rossum&#39;s long influence on Python is reflected in the title given to him by the Python community:&nbsp;<em><a href=\"https://en.wikipedia.org/wiki/Benevolent_Dictator_For_Life\">Benevolent Dictator For Life</a></em>&nbsp;(BDFL)&nbsp;&ndash; a post from which he gave himself permanent vacation on July 12, 2018.<a href=\"https://en.wikipedia.org/wiki/Python_(programming_language)#cite_note-lj-bdfl-resignation-34\">[34]</a></p>\r\n\r\n<p>Python 2.0 was released on 16 October 2000 with many major new features, including a&nbsp;<a href=\"https://en.wikipedia.org/wiki/Cycle_detection\">cycle-detecting</a>&nbsp;<a href=\"https://en.wikipedia.org/wiki/Garbage_collection_(computer_science)\">garbage collector</a>&nbsp;and support for&nbsp;<a href=\"https://en.wikipedia.org/wiki/Unicode\">Unicode</a>.<a href=\"https://en.wikipedia.org/wiki/Python_(programming_language)#cite_note-newin-2.0-35\">[35]</a></p>\r\n\r\n<p>Python 3.0 was released on 3 December 2008. It was a major revision of the language that is not completely&nbsp;<a href=\"https://en.wikipedia.org/wiki/Backward_compatibility\">backward-compatible</a>.<a href=\"https://en.wikipedia.org/wiki/Python_(programming_language)#cite_note-3.0-release-36\">[36]</a>&nbsp;Many of its major features were&nbsp;<a href=\"https://en.wikipedia.org/wiki/Backporting\">backported</a>&nbsp;to Python 2.6.x<a href=\"https://en.wikipedia.org/wiki/Python_(programming_language)#cite_note-pep-3000-37\">[37]</a>&nbsp;and 2.7.x version series. Releases of Python 3 include the&nbsp;<code>2to3</code>&nbsp;utility, which automates (at least partially) the translation of Python 2 code to Python 3.<a href=\"https://en.wikipedia.org/wiki/Python_(programming_language)#cite_note-38\">[38]</a></p>\r\n\r\n<p>Python 2.7&#39;s&nbsp;<a href=\"https://en.wikipedia.org/wiki/End-of-life_(product)\">end-of-life</a>&nbsp;date was initially set at 2015 then postponed to 2020 out of concern that a large body of existing code could not easily be forward-ported to Python 3.<a href=\"https://en.wikipedia.org/wiki/Python_(programming_language)#cite_note-39\">[39]</a><a href=\"https://en.wikipedia.org/wiki/Python_(programming_language)#cite_note-40\">[40]</a>&nbsp;In January 2017, Google announced work on a Python 2.7 to&nbsp;<a href=\"https://en.wikipedia.org/wiki/Go_(programming_language)\">Go</a>&nbsp;<a href=\"https://en.wikipedia.org/wiki/Transcompiler\">transcompiler</a>&nbsp;to improve performance under concurrent workloads.<a href=\"https://en.wikipedia.org/wiki/Python_(programming_language)#cite_note-41\">[41]</a></p>\r\n', 1, '', '2019-03-02 14:21:17', 1, '2019-03-02 15:27:33', 1),
(83, 2, 'My second posts', 'Lorem ipsum dolor sit amet, consectetur adipisicing elit, sed do eiusmod\r\ntempor incididunt ut labore et dolore magna aliqua. Ut enim ad minim veniam,\r\nquis nostrud exercitation ullamco laboris nisi ut aliquip ex ea commodo\r\nconsequat. Duis aute irure dolor in reprehenderit in voluptate velit esse\r\ncillum dolore eu fugiat nulla pariatur. Excepteur sint occaecat cupidatat non\r\nproident, sunt in culpa qui officia deserunt mollit anim id est laborum.Lorem ipsum dolor sit amet, consectetur adipisicing elit, sed do eiusmod\r\ntempor incididunt ut labore et dolore magna aliqua. Ut enim ad minim veniam,\r\nquis nostrud exercitation ullamco laboris nisi ut aliquip ex ea commodo\r\nconsequat. Duis aute irure dolor in reprehenderit in voluptate velit esse\r\ncillum dolore eu fugiat nulla pariatur. Excepteur sint occaecat cupidatat non\r\nproident, sunt in culpa qui officia deserunt mollit anim id est laborum.Lorem ipsum dolor sit amet, consectetur adipisicing elit, sed do eiusmod\r\ntempor incididunt ut labore et dolore magna aliqua. Ut enim ad minim veniam,\r\nquis nostrud exercitation ullamco laboris nisi ut aliquip ex ea commodo\r\nconsequat. Duis aute irure dolor in reprehenderit in voluptate velit esse\r\ncillum dolore eu fugiat nulla pariatur. Excepteur sint occaecat cupidatat non\r\nproident, sunt in culpa qui officia deserunt mollit anim id est laborum.', 1, '05.jpg', '2018-12-15 19:07:50', 1, '2018-12-15 19:07:50', 1),
(84, 2, 'PHP development began in 1994 when', 'Lorem ipsum dolor sit amet, consectetur adipisicing elit, sed do eiusmod\r\ntempor incididunt ut labore et dolore magna aliqua. Ut enim ad minim veniam,\r\nquis nostrud exercitation ullamco laboris nisi ut aliquip ex ea commodo\r\nconsequat. Duis aute irure dolor in reprehenderit in voluptate velit esse\r\ncillum dolore eu fugiat nulla pariatur. Excepteur sint occaecat cupidatat non\r\nproident, sunt in culpa qui officia deserunt mollit anim id est laborum.Lorem ipsum dolor sit amet, consectetur adipisicing elit, sed do eiusmod\r\ntempor incididunt ut labore et dolore magna aliqua. Ut enim ad minim veniam,\r\nquis nostrud exercitation ullamco laboris nisi ut aliquip ex ea commodo\r\nconsequat. Duis aute irure dolor in reprehenderit in voluptate velit esse\r\ncillum dolore eu fugiat nulla pariatur. Excepteur sint occaecat cupidatat non\r\nproident, sunt in culpa qui officia deserunt mollit anim id est laborum.Lorem ipsum dolor sit amet, consectetur adipisicing elit, sed do eiusmod\r\ntempor incididunt ut labore et dolore magna aliqua. Ut enim ad minim veniam,\r\nquis nostrud exercitation ullamco laboris nisi ut aliquip ex ea commodo\r\nconsequat. Duis aute irure dolor in reprehenderit in voluptate velit esse\r\ncillum dolore eu fugiat nulla pariatur. Excepteur sint occaecat cupidatat non\r\nproident, sunt in culpa qui officia deserunt mollit anim id est laborum.', 1, 'php7.jpg', '2019-02-25 22:17:18', 2, '2019-02-25 22:17:18', 2),
(85, 2, 'PHP 3 and 4, 5 and 6', 'Lorem ipsum dolor sit amet, consectetur adipisicing elit, sed do eiusmod\r\ntempor incididunt ut labore et dolore magna aliqua. Ut enim ad minim veniam,\r\nquis nostrud exercitation ullamco laboris nisi ut aliquip ex ea commodo\r\nconsequat. Duis aute irure dolor in reprehenderit in voluptate velit esse\r\ncillum dolore eu fugiat nulla pariatur. Excepteur sint occaecat cupidatat non\r\nproident, sunt in culpa qui officia deserunt mollit anim id est laborum.Lorem ipsum dolor sit amet, consectetur adipisicing elit, sed do eiusmod\r\ntempor incididunt ut labore et dolore magna aliqua. Ut enim ad minim veniam,\r\nquis nostrud exercitation ullamco laboris nisi ut aliquip ex ea commodo\r\nconsequat. Duis aute irure dolor in reprehenderit in voluptate velit esse\r\ncillum dolore eu fugiat nulla pariatur. Excepteur sint occaecat cupidatat non\r\nproident, sunt in culpa qui officia deserunt mollit anim id est laborum.Lorem ipsum dolor sit amet, consectetur adipisicing elit, sed do eiusmod\r\ntempor incididunt ut labore et dolore magna aliqua. Ut enim ad minim veniam,\r\nquis nostrud exercitation ullamco laboris nisi ut aliquip ex ea commodo\r\nconsequat. Duis aute irure dolor in reprehenderit in voluptate velit esse\r\ncillum dolore eu fugiat nulla pariatur. Excepteur sint occaecat cupidatat non\r\nproident, sunt in culpa qui officia deserunt mollit anim id est laborum.Lorem ipsum dolor sit amet, consectetur adipisicing elit, sed do eiusmod\r\ntempor incididunt ut labore et dolore magna aliqua. Ut enim ad minim veniam,\r\nquis nostrud exercitation ullamco laboris nisi ut aliquip ex ea commodo\r\nconsequat. Duis aute irure dolor in reprehenderit in voluptate velit esse\r\ncillum dolore eu fugiat nulla pariatur. Excepteur sint occaecat cupidatat non\r\nproident, sunt in culpa qui officia deserunt mollit anim id est laborum.', 1, 'php.jpg', '2019-02-25 22:19:59', 2, '2019-02-25 22:19:59', 2),
(86, 2, 'PHP 7', 'Lorem ipsum dolor sit amet, consectetur adipisicing elit, sed do eiusmod\r\ntempor incididunt ut labore et dolore magna aliqua. Ut enim ad minim veniam,\r\nquis nostrud exercitation ullamco laboris nisi ut aliquip ex ea commodo\r\nconsequat. Duis aute irure dolor in reprehenderit in voluptate velit esse\r\ncillum dolore eu fugiat nulla pariatur. Excepteur sint occaecat cupidatat non\r\nproident, sunt in culpa qui officia deserunt mollit anim id est laborum.Lorem ipsum dolor sit amet, consectetur adipisicing elit, sed do eiusmod\r\ntempor incididunt ut labore et dolore magna aliqua. Ut enim ad minim veniam,\r\nquis nostrud exercitation ullamco laboris nisi ut aliquip ex ea commodo\r\nconsequat. Duis aute irure dolor in reprehenderit in voluptate velit esse\r\ncillum dolore eu fugiat nulla pariatur. Excepteur sint occaecat cupidatat non\r\nproident, sunt in culpa qui officia deserunt mollit anim id est laborum.Lorem ipsum dolor sit amet, consectetur adipisicing elit, sed do eiusmod\r\ntempor incididunt ut labore et dolore magna aliqua. Ut enim ad minim veniam,\r\nquis nostrud exercitation ullamco laboris nisi ut aliquip ex ea commodo\r\nconsequat. Duis aute irure dolor in reprehenderit in voluptate velit esse\r\ncillum dolore eu fugiat nulla pariatur. Excepteur sint occaecat cupidatat non\r\nproident, sunt in culpa qui officia deserunt mollit anim id est laborum.Lorem ipsum dolor sit amet, consectetur adipisicing elit, sed do eiusmod\r\ntempor incididunt ut labore et dolore magna aliqua. Ut enim ad minim veniam,\r\nquis nostrud exercitation ullamco laboris nisi ut aliquip ex ea commodo\r\nconsequat. Duis aute irure dolor in reprehenderit in voluptate velit esse\r\ncillum dolore eu fugiat nulla pariatur. Excepteur sint occaecat cupidatat non\r\nproident, sunt in culpa qui officia deserunt mollit anim id est laborum.', 1, 'php7.jpg', '2019-02-25 22:22:06', 2, '2019-02-25 22:22:06', 2),
(87, 13, 'Features and philosophy in Python', '<p>Python is a&nbsp;<a href=\"https://en.wikipedia.org/wiki/Multi-paradigm_programming_language\">multi-paradigm programming language</a>.&nbsp;<a href=\"https://en.wikipedia.org/wiki/Object-oriented_programming\">Object-oriented programming</a>&nbsp;and&nbsp;<a href=\"https://en.wikipedia.org/wiki/Structured_programming\">structured programming</a>&nbsp;are fully supported, and many of its features support&nbsp;<a href=\"https://en.wikipedia.org/wiki/Functional_programming\">functional programming</a>&nbsp;and&nbsp;<a href=\"https://en.wikipedia.org/wiki/Aspect-oriented_programming\">aspect-oriented programming</a>&nbsp;(including by&nbsp;<a href=\"https://en.wikipedia.org/wiki/Metaprogramming\">metaprogramming</a><a href=\"https://en.wikipedia.org/wiki/Python_(programming_language)#cite_note-AutoNT-13-42\">[42]</a>&nbsp;and&nbsp;<a href=\"https://en.wikipedia.org/wiki/Metaobject\">metaobjects</a>&nbsp;(magic methods)).<a href=\"https://en.wikipedia.org/wiki/Python_(programming_language)#cite_note-AutoNT-14-43\">[43]</a>&nbsp;Many other paradigms are supported via extensions, including&nbsp;<a href=\"https://en.wikipedia.org/wiki/Design_by_contract\">design by contract</a><a href=\"https://en.wikipedia.org/wiki/Python_(programming_language)#cite_note-AutoNT-15-44\">[44]</a><a href=\"https://en.wikipedia.org/wiki/Python_(programming_language)#cite_note-AutoNT-16-45\">[45]</a>&nbsp;and&nbsp;<a href=\"https://en.wikipedia.org/wiki/Logic_programming\">logic programming</a>.<a href=\"https://en.wikipedia.org/wiki/Python_(programming_language)#cite_note-AutoNT-17-46\">[46]</a></p>\r\n\r\n<p>Python uses&nbsp;<a href=\"https://en.wikipedia.org/wiki/Dynamic_typing\">dynamic typing</a>, and a combination of&nbsp;<a href=\"https://en.wikipedia.org/wiki/Reference_counting\">reference counting</a>&nbsp;and a cycle-detecting garbage collector for&nbsp;<a href=\"https://en.wikipedia.org/wiki/Memory_management\">memory management</a>. It also features dynamic&nbsp;<a href=\"https://en.wikipedia.org/wiki/Name_resolution_(programming_languages)\">name resolution</a>&nbsp;(<a href=\"https://en.wikipedia.org/wiki/Late_binding\">late binding</a>), which binds method and variable names during program execution.</p>\r\n\r\n<p>Python&#39;s design offers some support for&nbsp;<a href=\"https://en.wikipedia.org/wiki/Functional_programming\">functional programming</a>&nbsp;in the&nbsp;<a href=\"https://en.wikipedia.org/wiki/Lisp_(programming_language)\">Lisp</a>&nbsp;tradition. It has&nbsp;<code>filter()</code>,&nbsp;<code>map()</code>, and&nbsp;<code>reduce()</code>&nbsp;functions;&nbsp;<a href=\"https://en.wikipedia.org/wiki/List_comprehension\">list comprehensions</a>,&nbsp;<a href=\"https://en.wikipedia.org/wiki/Associative_array\">dictionaries</a>, and sets; and&nbsp;<a href=\"https://en.wikipedia.org/wiki/Generator_(computer_programming)\">generator</a>&nbsp;expressions.<a href=\"https://en.wikipedia.org/wiki/Python_(programming_language)#cite_note-AutoNT-59-47\">[47]</a>&nbsp;The standard library has two modules (itertools and functools) that implement functional tools borrowed from&nbsp;<a href=\"https://en.wikipedia.org/wiki/Haskell_(programming_language)\">Haskell</a>&nbsp;and&nbsp;<a href=\"https://en.wikipedia.org/wiki/Standard_ML\">Standard ML</a>.<a href=\"https://en.wikipedia.org/wiki/Python_(programming_language)#cite_note-AutoNT-18-48\">[48]</a></p>\r\n\r\n<p>The language&#39;s core philosophy is summarized in the document&nbsp;<em>The&nbsp;<a href=\"https://en.wikipedia.org/wiki/Zen_of_Python\">Zen of Python</a></em>&nbsp;(<em>PEP 20</em>), which includes&nbsp;<a href=\"https://en.wikipedia.org/wiki/Aphorism\">aphorisms</a>&nbsp;such as:<a href=\"https://en.wikipedia.org/wiki/Python_(programming_language)#cite_note-PEP20-49\">[49]</a></p>\r\n\r\n<ul>\r\n	<li>Beautiful is better than ugly</li>\r\n	<li>Explicit is better than implicit</li>\r\n	<li>Simple is better than complex</li>\r\n	<li>Complex is better than complicated</li>\r\n	<li>Readability counts</li>\r\n</ul>\r\n\r\n<p>Rather than having all of its functionality built into its core, Python was designed to be highly&nbsp;<a href=\"https://en.wikipedia.org/wiki/Extensibility\">extensible</a>. This compact modularity has made it particularly popular as a means of adding programmable interfaces to existing applications. Van Rossum&#39;s vision of a small core language with a large standard library and easily extensible interpreter stemmed from his frustrations with&nbsp;<a href=\"https://en.wikipedia.org/wiki/ABC_(programming_language)\">ABC</a>, which espoused the opposite approach.<a href=\"https://en.wikipedia.org/wiki/Python_(programming_language)#cite_note-venners-interview-pt-1-31\">[31]</a></p>\r\n\r\n<p>While offering choice in coding methodology, the Python philosophy rejects exuberant syntax (such as that of&nbsp;<a href=\"https://en.wikipedia.org/wiki/Perl\">Perl</a>) in favor of a simpler, less-cluttered grammar. As&nbsp;<a href=\"https://en.wikipedia.org/wiki/Alex_Martelli\">Alex Martelli</a>&nbsp;put it: &quot;To describe something as &#39;clever&#39; is&nbsp;<em>not</em>&nbsp;considered a compliment in the Python culture.&quot;<a href=\"https://en.wikipedia.org/wiki/Python_(programming_language)#cite_note-AutoNT-19-50\">[50]</a>&nbsp;Python&#39;s philosophy rejects the Perl &quot;<a href=\"https://en.wikipedia.org/wiki/There_is_more_than_one_way_to_do_it\">there is more than one way to do it</a>&quot; approach to language design in favor of &quot;there should be one&mdash;and preferably only one&mdash;obvious way to do it&quot;.<a href=\"https://en.wikipedia.org/wiki/Python_(programming_language)#cite_note-PEP20-49\">[49]</a></p>\r\n\r\n<p>Python&#39;s developers strive to avoid&nbsp;<a href=\"https://en.wikipedia.org/wiki/Premature_optimization\">premature optimization</a>, and reject patches to non-critical parts of the&nbsp;<a href=\"https://en.wikipedia.org/wiki/CPython\">CPython</a>&nbsp;reference implementation that would offer marginal increases in speed at the cost of clarity.<a href=\"https://en.wikipedia.org/wiki/Python_(programming_language)#cite_note-AutoNT-20-51\">[51]</a>&nbsp;When speed is important, a Python programmer can move time-critical functions to extension modules written in languages such as C, or use&nbsp;<a href=\"https://en.wikipedia.org/wiki/PyPy\">PyPy</a>, a&nbsp;<a href=\"https://en.wikipedia.org/wiki/Just-in-time_compilation\">just-in-time compiler</a>.&nbsp;<a href=\"https://en.wikipedia.org/wiki/Cython\">Cython</a>&nbsp;is also available, which translates a Python script into C and makes direct C-level API calls into the Python interpreter.</p>\r\n\r\n<p>An important goal of Python&#39;s developers is keeping it fun to use. This is reflected in the language&#39;s name&mdash;a tribute to the British comedy group&nbsp;<a href=\"https://en.wikipedia.org/wiki/Monty_Python\">Monty Python</a><a href=\"https://en.wikipedia.org/wiki/Python_(programming_language)#cite_note-AutoNT-24-52\">[52]</a>&mdash;and in occasionally playful approaches to tutorials and reference materials, such as examples that refer to spam and eggs (from a&nbsp;<a href=\"https://en.wikipedia.org/wiki/Spam_(Monty_Python)\">famous Monty Python sketch</a>) instead of the standard&nbsp;<a href=\"https://en.wikipedia.org/wiki/Foobar\">foo and bar</a>.<a href=\"https://en.wikipedia.org/wiki/Python_(programming_language)#cite_note-53\">[53]</a><a href=\"https://en.wikipedia.org/wiki/Python_(programming_language)#cite_note-54\">[54]</a></p>\r\n\r\n<p>A common&nbsp;<a href=\"https://en.wikipedia.org/wiki/Neologism\">neologism</a>&nbsp;in the Python community is&nbsp;<em>pythonic</em>, which can have a wide range of meanings related to program style. To say that code is pythonic is to say that it uses Python idioms well, that it is natural or shows fluency in the language, that it conforms with Python&#39;s minimalist philosophy and emphasis on readability. In contrast, code that is difficult to understand or reads like a rough transcription from another programming language is called&nbsp;<em>unpythonic</em>.</p>\r\n', 1, '', '2019-03-02 15:22:04', 1, '2019-03-02 15:27:08', 1),
(88, 10, 'What is css?', '<p>Lorem ipsum dolor sit amet, consectetur adipisicing elit, sed do eiusmod<br />\r\ntempor incididunt ut labore et dolore magna aliqua. Ut enim ad minim veniam,<br />\r\nquis nostrud exercitation ullamco laboris nisi ut aliquip ex ea commodo<br />\r\nconsequat. Duis aute irure dolor in reprehenderit in voluptate velit esse<br />\r\ncillum dolore eu fugiat nulla pariatur. Excepteur sint occaecat cupidatat non<br />\r\nproident, sunt in culpa qui officia deserunt mollit anim id est laborum.Lorem ipsum dolor sit amet, consectetur adipisicing elit, sed do eiusmod<br />\r\ntempor incididunt ut labore et dolore magna aliqua. Ut enim ad minim veniam,<br />\r\nquis nostrud exercitation ullamco laboris nisi ut aliquip ex ea commodo<br />\r\nconsequat. Duis aute irure dolor in reprehenderit in voluptate velit esse<br />\r\ncillum dolore eu fugiat nulla pariatur. Excepteur sint occaecat cupidatat non<br />\r\nproident, sunt in culpa qui officia deserunt mollit anim id est laborum.Lorem ipsum dolor sit amet, consectetur adipisicing elit, sed do eiusmod<br />\r\ntempor incididunt ut labore et dolore magna aliqua. Ut enim ad minim veniam,<br />\r\nquis nostrud exercitation ullamco laboris nisi ut aliquip ex ea commodo<br />\r\nconsequat. Duis aute irure dolor in reprehenderit in voluptate velit esse<br />\r\ncillum dolore eu fugiat nulla pariatur. Excepteur sint occaecat cupidatat non<br />\r\nproident, sunt in culpa qui officia deserunt mollit anim id est laborum.Lorem ipsum dolor sit amet, consectetur adipisicing elit, sed do eiusmod<br />\r\ntempor incididunt ut labore et dolore magna aliqua. Ut enim ad minim veniam,<br />\r\nquis nostrud exercitation ullamco laboris nisi ut aliquip ex ea commodo<br />\r\nconsequat. Duis aute irure dolor in reprehenderit in voluptate velit esse<br />\r\ncillum dolore eu fugiat nulla pariatur. Excepteur sint occaecat cupidatat non<br />\r\nproident, sunt in culpa qui officia deserunt mollit anim id est laborum.</p>\r\n', 1, '', '2019-03-01 21:16:44', 24, '2019-03-01 21:16:44', 24),
(89, 13, 'Python (programming language)', '<p><strong>Python</strong>&nbsp;is an&nbsp;<a href=\"https://en.wikipedia.org/wiki/Interpreted_language\">interpreted</a>,&nbsp;<a href=\"https://en.wikipedia.org/wiki/High-level_programming_language\">high-level</a>,&nbsp;<a href=\"https://en.wikipedia.org/wiki/General-purpose_programming_language\">general-purpose programming language</a>. Created by&nbsp;<a href=\"https://en.wikipedia.org/wiki/Guido_van_Rossum\">Guido van Rossum</a>&nbsp;and first released in 1991, Python has a design philosophy that emphasizes&nbsp;<a href=\"https://en.wikipedia.org/wiki/Code_readability\">code readability</a>, notably using&nbsp;<a href=\"https://en.wikipedia.org/wiki/Significant_whitespace\">significant whitespace</a>. It provides constructs that enable clear programming on both small and large scales.<a href=\"https://en.wikipedia.org/wiki/Python_(programming_language)#cite_note-AutoNT-7-26\">[26]</a>&nbsp;Van Rossum led the language community until stepping down as leader in July 2018.<a href=\"https://en.wikipedia.org/wiki/Python_(programming_language)#cite_note-27\">[27]</a><a href=\"https://en.wikipedia.org/wiki/Python_(programming_language)#cite_note-28\">[28]</a></p>\r\n\r\n<p>Python features a&nbsp;<a href=\"https://en.wikipedia.org/wiki/Dynamic_type\">dynamic type</a>&nbsp;system and automatic&nbsp;<a href=\"https://en.wikipedia.org/wiki/Memory_management\">memory management</a>. It supports multiple&nbsp;<a href=\"https://en.wikipedia.org/wiki/Programming_paradigm\">programming paradigms</a>, including&nbsp;<a href=\"https://en.wikipedia.org/wiki/Object-oriented_programming\">object-oriented</a>,&nbsp;<a href=\"https://en.wikipedia.org/wiki/Imperative_programming\">imperative</a>,&nbsp;<a href=\"https://en.wikipedia.org/wiki/Functional_programming\">functional</a>&nbsp;and&nbsp;<a href=\"https://en.wikipedia.org/wiki/Procedural_programming\">procedural</a>, and has a large and comprehensive&nbsp;<a href=\"https://en.wikipedia.org/wiki/Standard_library\">standard library</a>.<a href=\"https://en.wikipedia.org/wiki/Python_(programming_language)#cite_note-About-29\">[29]</a></p>\r\n\r\n<p>Python interpreters are available for many&nbsp;<a href=\"https://en.wikipedia.org/wiki/Operating_system\">operating systems</a>.&nbsp;<a href=\"https://en.wikipedia.org/wiki/CPython\">CPython</a>, the&nbsp;<a href=\"https://en.wikipedia.org/wiki/Reference_implementation\">reference implementation</a>&nbsp;of Python, is&nbsp;<a href=\"https://en.wikipedia.org/wiki/Open-source_software\">open source</a>&nbsp;software<a href=\"https://en.wikipedia.org/wiki/Python_(programming_language)#cite_note-30\">[30]</a>&nbsp;and has a community-based development model, as do nearly all of Python&#39;s other implementations. Python and CPython are managed by the non-profit&nbsp;<a href=\"https://en.wikipedia.org/wiki/Python_Software_Foundation\">Python Software Foundation</a>.</p>\r\n\r\n<p>Python was conceived in the late 1980s<a href=\"https://en.wikipedia.org/wiki/Python_(programming_language)#cite_note-venners-interview-pt-1-31\">[31]</a>&nbsp;by&nbsp;<a href=\"https://en.wikipedia.org/wiki/Guido_van_Rossum\">Guido van Rossum</a>&nbsp;at&nbsp;<a href=\"https://en.wikipedia.org/wiki/Centrum_Wiskunde_%26_Informatica\">Centrum Wiskunde &amp; Informatica</a>&nbsp;(CWI) in the&nbsp;<a href=\"https://en.wikipedia.org/wiki/Netherlands\">Netherlands</a>&nbsp;as a successor to the&nbsp;<a href=\"https://en.wikipedia.org/wiki/ABC_(programming_language)\">ABC language</a>&nbsp;(itself inspired by&nbsp;<a href=\"https://en.wikipedia.org/wiki/SETL\">SETL</a>)<a href=\"https://en.wikipedia.org/wiki/Python_(programming_language)#cite_note-AutoNT-12-32\">[32]</a>, capable of&nbsp;<a href=\"https://en.wikipedia.org/wiki/Exception_handling\">exception handling</a>&nbsp;and interfacing with the&nbsp;<a href=\"https://en.wikipedia.org/wiki/Amoeba_(operating_system)\">Amoeba</a>&nbsp;operating system.<a href=\"https://en.wikipedia.org/wiki/Python_(programming_language)#cite_note-faq-created-7\">[7]</a>&nbsp;Its implementation began in December 1989.<a href=\"https://en.wikipedia.org/wiki/Python_(programming_language)#cite_note-timeline-of-python-33\">[33]</a>&nbsp;Van Rossum&#39;s long influence on Python is reflected in the title given to him by the Python community:&nbsp;<em><a href=\"https://en.wikipedia.org/wiki/Benevolent_Dictator_For_Life\">Benevolent Dictator For Life</a></em>&nbsp;(BDFL)&nbsp;&ndash; a post from which he gave himself permanent vacation on July 12, 2018.<a href=\"https://en.wikipedia.org/wiki/Python_(programming_language)#cite_note-lj-bdfl-resignation-34\">[34]</a></p>\r\n\r\n<p>Python 2.0 was released on 16 October 2000 with many major new features, including a&nbsp;<a href=\"https://en.wikipedia.org/wiki/Cycle_detection\">cycle-detecting</a>&nbsp;<a href=\"https://en.wikipedia.org/wiki/Garbage_collection_(computer_science)\">garbage collector</a>&nbsp;and support for&nbsp;<a href=\"https://en.wikipedia.org/wiki/Unicode\">Unicode</a>.<a href=\"https://en.wikipedia.org/wiki/Python_(programming_language)#cite_note-newin-2.0-35\">[35]</a></p>\r\n\r\n<p>Python 3.0 was released on 3 December 2008. It was a major revision of the language that is not completely&nbsp;<a href=\"https://en.wikipedia.org/wiki/Backward_compatibility\">backward-compatible</a>.<a href=\"https://en.wikipedia.org/wiki/Python_(programming_language)#cite_note-3.0-release-36\">[36]</a>&nbsp;Many of its major features were&nbsp;<a href=\"https://en.wikipedia.org/wiki/Backporting\">backported</a>&nbsp;to Python 2.6.x<a href=\"https://en.wikipedia.org/wiki/Python_(programming_language)#cite_note-pep-3000-37\">[37]</a>&nbsp;and 2.7.x version series. Releases of Python 3 include the&nbsp;<code>2to3</code>&nbsp;utility, which automates (at least partially) the translation of Python 2 code to Python 3.<a href=\"https://en.wikipedia.org/wiki/Python_(programming_language)#cite_note-38\">[38]</a></p>\r\n\r\n<p>Python 2.7&#39;s&nbsp;<a href=\"https://en.wikipedia.org/wiki/End-of-life_(product)\">end-of-life</a>&nbsp;date was initially set at 2015 then postponed to 2020 out of concern that a large body of existing code could not easily be forward-ported to Python 3.<a href=\"https://en.wikipedia.org/wiki/Python_(programming_language)#cite_note-39\">[39]</a><a href=\"https://en.wikipedia.org/wiki/Python_(programming_language)#cite_note-40\">[40]</a>&nbsp;In January 2017, Google announced work on a Python 2.7 to&nbsp;<a href=\"https://en.wikipedia.org/wiki/Go_(programming_language)\">Go</a>&nbsp;<a href=\"https://en.wikipedia.org/wiki/Transcompiler\">transcompiler</a>&nbsp;to improve performance under concurrent workloads.<a href=\"https://en.wikipedia.org/wiki/Python_(programming_language)#cite_note-41\">[41]</a></p>\r\n', 1, '', '2019-03-02 14:21:17', 1, '2019-03-02 15:27:33', 1),
(90, 2, 'My second posts', 'Lorem ipsum dolor sit amet, consectetur adipisicing elit, sed do eiusmod\r\ntempor incididunt ut labore et dolore magna aliqua. Ut enim ad minim veniam,\r\nquis nostrud exercitation ullamco laboris nisi ut aliquip ex ea commodo\r\nconsequat. Duis aute irure dolor in reprehenderit in voluptate velit esse\r\ncillum dolore eu fugiat nulla pariatur. Excepteur sint occaecat cupidatat non\r\nproident, sunt in culpa qui officia deserunt mollit anim id est laborum.Lorem ipsum dolor sit amet, consectetur adipisicing elit, sed do eiusmod\r\ntempor incididunt ut labore et dolore magna aliqua. Ut enim ad minim veniam,\r\nquis nostrud exercitation ullamco laboris nisi ut aliquip ex ea commodo\r\nconsequat. Duis aute irure dolor in reprehenderit in voluptate velit esse\r\ncillum dolore eu fugiat nulla pariatur. Excepteur sint occaecat cupidatat non\r\nproident, sunt in culpa qui officia deserunt mollit anim id est laborum.Lorem ipsum dolor sit amet, consectetur adipisicing elit, sed do eiusmod\r\ntempor incididunt ut labore et dolore magna aliqua. Ut enim ad minim veniam,\r\nquis nostrud exercitation ullamco laboris nisi ut aliquip ex ea commodo\r\nconsequat. Duis aute irure dolor in reprehenderit in voluptate velit esse\r\ncillum dolore eu fugiat nulla pariatur. Excepteur sint occaecat cupidatat non\r\nproident, sunt in culpa qui officia deserunt mollit anim id est laborum.', 1, '05.jpg', '2018-12-15 19:07:50', 1, '2018-12-15 19:07:50', 1),
(91, 2, 'PHP development began in 1994 when', 'Lorem ipsum dolor sit amet, consectetur adipisicing elit, sed do eiusmod\r\ntempor incididunt ut labore et dolore magna aliqua. Ut enim ad minim veniam,\r\nquis nostrud exercitation ullamco laboris nisi ut aliquip ex ea commodo\r\nconsequat. Duis aute irure dolor in reprehenderit in voluptate velit esse\r\ncillum dolore eu fugiat nulla pariatur. Excepteur sint occaecat cupidatat non\r\nproident, sunt in culpa qui officia deserunt mollit anim id est laborum.Lorem ipsum dolor sit amet, consectetur adipisicing elit, sed do eiusmod\r\ntempor incididunt ut labore et dolore magna aliqua. Ut enim ad minim veniam,\r\nquis nostrud exercitation ullamco laboris nisi ut aliquip ex ea commodo\r\nconsequat. Duis aute irure dolor in reprehenderit in voluptate velit esse\r\ncillum dolore eu fugiat nulla pariatur. Excepteur sint occaecat cupidatat non\r\nproident, sunt in culpa qui officia deserunt mollit anim id est laborum.Lorem ipsum dolor sit amet, consectetur adipisicing elit, sed do eiusmod\r\ntempor incididunt ut labore et dolore magna aliqua. Ut enim ad minim veniam,\r\nquis nostrud exercitation ullamco laboris nisi ut aliquip ex ea commodo\r\nconsequat. Duis aute irure dolor in reprehenderit in voluptate velit esse\r\ncillum dolore eu fugiat nulla pariatur. Excepteur sint occaecat cupidatat non\r\nproident, sunt in culpa qui officia deserunt mollit anim id est laborum.', 1, 'php7.jpg', '2019-02-25 22:17:18', 2, '2019-02-25 22:17:18', 2);
INSERT INTO `posts` (`id`, `post_category_id`, `post_title`, `post_content`, `post_status`, `post_image`, `created_date`, `created_by_id`, `updated_date`, `updated_by_id`) VALUES
(92, 2, 'PHP 3 and 4, 5 and 6', 'Lorem ipsum dolor sit amet, consectetur adipisicing elit, sed do eiusmod\r\ntempor incididunt ut labore et dolore magna aliqua. Ut enim ad minim veniam,\r\nquis nostrud exercitation ullamco laboris nisi ut aliquip ex ea commodo\r\nconsequat. Duis aute irure dolor in reprehenderit in voluptate velit esse\r\ncillum dolore eu fugiat nulla pariatur. Excepteur sint occaecat cupidatat non\r\nproident, sunt in culpa qui officia deserunt mollit anim id est laborum.Lorem ipsum dolor sit amet, consectetur adipisicing elit, sed do eiusmod\r\ntempor incididunt ut labore et dolore magna aliqua. Ut enim ad minim veniam,\r\nquis nostrud exercitation ullamco laboris nisi ut aliquip ex ea commodo\r\nconsequat. Duis aute irure dolor in reprehenderit in voluptate velit esse\r\ncillum dolore eu fugiat nulla pariatur. Excepteur sint occaecat cupidatat non\r\nproident, sunt in culpa qui officia deserunt mollit anim id est laborum.Lorem ipsum dolor sit amet, consectetur adipisicing elit, sed do eiusmod\r\ntempor incididunt ut labore et dolore magna aliqua. Ut enim ad minim veniam,\r\nquis nostrud exercitation ullamco laboris nisi ut aliquip ex ea commodo\r\nconsequat. Duis aute irure dolor in reprehenderit in voluptate velit esse\r\ncillum dolore eu fugiat nulla pariatur. Excepteur sint occaecat cupidatat non\r\nproident, sunt in culpa qui officia deserunt mollit anim id est laborum.Lorem ipsum dolor sit amet, consectetur adipisicing elit, sed do eiusmod\r\ntempor incididunt ut labore et dolore magna aliqua. Ut enim ad minim veniam,\r\nquis nostrud exercitation ullamco laboris nisi ut aliquip ex ea commodo\r\nconsequat. Duis aute irure dolor in reprehenderit in voluptate velit esse\r\ncillum dolore eu fugiat nulla pariatur. Excepteur sint occaecat cupidatat non\r\nproident, sunt in culpa qui officia deserunt mollit anim id est laborum.', 1, 'php.jpg', '2019-02-25 22:19:59', 2, '2019-02-25 22:19:59', 2),
(93, 2, 'PHP 7', 'Lorem ipsum dolor sit amet, consectetur adipisicing elit, sed do eiusmod\r\ntempor incididunt ut labore et dolore magna aliqua. Ut enim ad minim veniam,\r\nquis nostrud exercitation ullamco laboris nisi ut aliquip ex ea commodo\r\nconsequat. Duis aute irure dolor in reprehenderit in voluptate velit esse\r\ncillum dolore eu fugiat nulla pariatur. Excepteur sint occaecat cupidatat non\r\nproident, sunt in culpa qui officia deserunt mollit anim id est laborum.Lorem ipsum dolor sit amet, consectetur adipisicing elit, sed do eiusmod\r\ntempor incididunt ut labore et dolore magna aliqua. Ut enim ad minim veniam,\r\nquis nostrud exercitation ullamco laboris nisi ut aliquip ex ea commodo\r\nconsequat. Duis aute irure dolor in reprehenderit in voluptate velit esse\r\ncillum dolore eu fugiat nulla pariatur. Excepteur sint occaecat cupidatat non\r\nproident, sunt in culpa qui officia deserunt mollit anim id est laborum.Lorem ipsum dolor sit amet, consectetur adipisicing elit, sed do eiusmod\r\ntempor incididunt ut labore et dolore magna aliqua. Ut enim ad minim veniam,\r\nquis nostrud exercitation ullamco laboris nisi ut aliquip ex ea commodo\r\nconsequat. Duis aute irure dolor in reprehenderit in voluptate velit esse\r\ncillum dolore eu fugiat nulla pariatur. Excepteur sint occaecat cupidatat non\r\nproident, sunt in culpa qui officia deserunt mollit anim id est laborum.Lorem ipsum dolor sit amet, consectetur adipisicing elit, sed do eiusmod\r\ntempor incididunt ut labore et dolore magna aliqua. Ut enim ad minim veniam,\r\nquis nostrud exercitation ullamco laboris nisi ut aliquip ex ea commodo\r\nconsequat. Duis aute irure dolor in reprehenderit in voluptate velit esse\r\ncillum dolore eu fugiat nulla pariatur. Excepteur sint occaecat cupidatat non\r\nproident, sunt in culpa qui officia deserunt mollit anim id est laborum.', 1, 'php7.jpg', '2019-02-25 22:22:06', 2, '2019-02-25 22:22:06', 2),
(94, 13, 'Features and philosophy in Python', '<p>Python is a&nbsp;<a href=\"https://en.wikipedia.org/wiki/Multi-paradigm_programming_language\">multi-paradigm programming language</a>.&nbsp;<a href=\"https://en.wikipedia.org/wiki/Object-oriented_programming\">Object-oriented programming</a>&nbsp;and&nbsp;<a href=\"https://en.wikipedia.org/wiki/Structured_programming\">structured programming</a>&nbsp;are fully supported, and many of its features support&nbsp;<a href=\"https://en.wikipedia.org/wiki/Functional_programming\">functional programming</a>&nbsp;and&nbsp;<a href=\"https://en.wikipedia.org/wiki/Aspect-oriented_programming\">aspect-oriented programming</a>&nbsp;(including by&nbsp;<a href=\"https://en.wikipedia.org/wiki/Metaprogramming\">metaprogramming</a><a href=\"https://en.wikipedia.org/wiki/Python_(programming_language)#cite_note-AutoNT-13-42\">[42]</a>&nbsp;and&nbsp;<a href=\"https://en.wikipedia.org/wiki/Metaobject\">metaobjects</a>&nbsp;(magic methods)).<a href=\"https://en.wikipedia.org/wiki/Python_(programming_language)#cite_note-AutoNT-14-43\">[43]</a>&nbsp;Many other paradigms are supported via extensions, including&nbsp;<a href=\"https://en.wikipedia.org/wiki/Design_by_contract\">design by contract</a><a href=\"https://en.wikipedia.org/wiki/Python_(programming_language)#cite_note-AutoNT-15-44\">[44]</a><a href=\"https://en.wikipedia.org/wiki/Python_(programming_language)#cite_note-AutoNT-16-45\">[45]</a>&nbsp;and&nbsp;<a href=\"https://en.wikipedia.org/wiki/Logic_programming\">logic programming</a>.<a href=\"https://en.wikipedia.org/wiki/Python_(programming_language)#cite_note-AutoNT-17-46\">[46]</a></p>\r\n\r\n<p>Python uses&nbsp;<a href=\"https://en.wikipedia.org/wiki/Dynamic_typing\">dynamic typing</a>, and a combination of&nbsp;<a href=\"https://en.wikipedia.org/wiki/Reference_counting\">reference counting</a>&nbsp;and a cycle-detecting garbage collector for&nbsp;<a href=\"https://en.wikipedia.org/wiki/Memory_management\">memory management</a>. It also features dynamic&nbsp;<a href=\"https://en.wikipedia.org/wiki/Name_resolution_(programming_languages)\">name resolution</a>&nbsp;(<a href=\"https://en.wikipedia.org/wiki/Late_binding\">late binding</a>), which binds method and variable names during program execution.</p>\r\n\r\n<p>Python&#39;s design offers some support for&nbsp;<a href=\"https://en.wikipedia.org/wiki/Functional_programming\">functional programming</a>&nbsp;in the&nbsp;<a href=\"https://en.wikipedia.org/wiki/Lisp_(programming_language)\">Lisp</a>&nbsp;tradition. It has&nbsp;<code>filter()</code>,&nbsp;<code>map()</code>, and&nbsp;<code>reduce()</code>&nbsp;functions;&nbsp;<a href=\"https://en.wikipedia.org/wiki/List_comprehension\">list comprehensions</a>,&nbsp;<a href=\"https://en.wikipedia.org/wiki/Associative_array\">dictionaries</a>, and sets; and&nbsp;<a href=\"https://en.wikipedia.org/wiki/Generator_(computer_programming)\">generator</a>&nbsp;expressions.<a href=\"https://en.wikipedia.org/wiki/Python_(programming_language)#cite_note-AutoNT-59-47\">[47]</a>&nbsp;The standard library has two modules (itertools and functools) that implement functional tools borrowed from&nbsp;<a href=\"https://en.wikipedia.org/wiki/Haskell_(programming_language)\">Haskell</a>&nbsp;and&nbsp;<a href=\"https://en.wikipedia.org/wiki/Standard_ML\">Standard ML</a>.<a href=\"https://en.wikipedia.org/wiki/Python_(programming_language)#cite_note-AutoNT-18-48\">[48]</a></p>\r\n\r\n<p>The language&#39;s core philosophy is summarized in the document&nbsp;<em>The&nbsp;<a href=\"https://en.wikipedia.org/wiki/Zen_of_Python\">Zen of Python</a></em>&nbsp;(<em>PEP 20</em>), which includes&nbsp;<a href=\"https://en.wikipedia.org/wiki/Aphorism\">aphorisms</a>&nbsp;such as:<a href=\"https://en.wikipedia.org/wiki/Python_(programming_language)#cite_note-PEP20-49\">[49]</a></p>\r\n\r\n<ul>\r\n	<li>Beautiful is better than ugly</li>\r\n	<li>Explicit is better than implicit</li>\r\n	<li>Simple is better than complex</li>\r\n	<li>Complex is better than complicated</li>\r\n	<li>Readability counts</li>\r\n</ul>\r\n\r\n<p>Rather than having all of its functionality built into its core, Python was designed to be highly&nbsp;<a href=\"https://en.wikipedia.org/wiki/Extensibility\">extensible</a>. This compact modularity has made it particularly popular as a means of adding programmable interfaces to existing applications. Van Rossum&#39;s vision of a small core language with a large standard library and easily extensible interpreter stemmed from his frustrations with&nbsp;<a href=\"https://en.wikipedia.org/wiki/ABC_(programming_language)\">ABC</a>, which espoused the opposite approach.<a href=\"https://en.wikipedia.org/wiki/Python_(programming_language)#cite_note-venners-interview-pt-1-31\">[31]</a></p>\r\n\r\n<p>While offering choice in coding methodology, the Python philosophy rejects exuberant syntax (such as that of&nbsp;<a href=\"https://en.wikipedia.org/wiki/Perl\">Perl</a>) in favor of a simpler, less-cluttered grammar. As&nbsp;<a href=\"https://en.wikipedia.org/wiki/Alex_Martelli\">Alex Martelli</a>&nbsp;put it: &quot;To describe something as &#39;clever&#39; is&nbsp;<em>not</em>&nbsp;considered a compliment in the Python culture.&quot;<a href=\"https://en.wikipedia.org/wiki/Python_(programming_language)#cite_note-AutoNT-19-50\">[50]</a>&nbsp;Python&#39;s philosophy rejects the Perl &quot;<a href=\"https://en.wikipedia.org/wiki/There_is_more_than_one_way_to_do_it\">there is more than one way to do it</a>&quot; approach to language design in favor of &quot;there should be one&mdash;and preferably only one&mdash;obvious way to do it&quot;.<a href=\"https://en.wikipedia.org/wiki/Python_(programming_language)#cite_note-PEP20-49\">[49]</a></p>\r\n\r\n<p>Python&#39;s developers strive to avoid&nbsp;<a href=\"https://en.wikipedia.org/wiki/Premature_optimization\">premature optimization</a>, and reject patches to non-critical parts of the&nbsp;<a href=\"https://en.wikipedia.org/wiki/CPython\">CPython</a>&nbsp;reference implementation that would offer marginal increases in speed at the cost of clarity.<a href=\"https://en.wikipedia.org/wiki/Python_(programming_language)#cite_note-AutoNT-20-51\">[51]</a>&nbsp;When speed is important, a Python programmer can move time-critical functions to extension modules written in languages such as C, or use&nbsp;<a href=\"https://en.wikipedia.org/wiki/PyPy\">PyPy</a>, a&nbsp;<a href=\"https://en.wikipedia.org/wiki/Just-in-time_compilation\">just-in-time compiler</a>.&nbsp;<a href=\"https://en.wikipedia.org/wiki/Cython\">Cython</a>&nbsp;is also available, which translates a Python script into C and makes direct C-level API calls into the Python interpreter.</p>\r\n\r\n<p>An important goal of Python&#39;s developers is keeping it fun to use. This is reflected in the language&#39;s name&mdash;a tribute to the British comedy group&nbsp;<a href=\"https://en.wikipedia.org/wiki/Monty_Python\">Monty Python</a><a href=\"https://en.wikipedia.org/wiki/Python_(programming_language)#cite_note-AutoNT-24-52\">[52]</a>&mdash;and in occasionally playful approaches to tutorials and reference materials, such as examples that refer to spam and eggs (from a&nbsp;<a href=\"https://en.wikipedia.org/wiki/Spam_(Monty_Python)\">famous Monty Python sketch</a>) instead of the standard&nbsp;<a href=\"https://en.wikipedia.org/wiki/Foobar\">foo and bar</a>.<a href=\"https://en.wikipedia.org/wiki/Python_(programming_language)#cite_note-53\">[53]</a><a href=\"https://en.wikipedia.org/wiki/Python_(programming_language)#cite_note-54\">[54]</a></p>\r\n\r\n<p>A common&nbsp;<a href=\"https://en.wikipedia.org/wiki/Neologism\">neologism</a>&nbsp;in the Python community is&nbsp;<em>pythonic</em>, which can have a wide range of meanings related to program style. To say that code is pythonic is to say that it uses Python idioms well, that it is natural or shows fluency in the language, that it conforms with Python&#39;s minimalist philosophy and emphasis on readability. In contrast, code that is difficult to understand or reads like a rough transcription from another programming language is called&nbsp;<em>unpythonic</em>.</p>\r\n', 1, '', '2019-03-02 15:22:04', 1, '2019-03-02 15:27:08', 1),
(95, 10, 'What is css?', '<p>Lorem ipsum dolor sit amet, consectetur adipisicing elit, sed do eiusmod<br />\r\ntempor incididunt ut labore et dolore magna aliqua. Ut enim ad minim veniam,<br />\r\nquis nostrud exercitation ullamco laboris nisi ut aliquip ex ea commodo<br />\r\nconsequat. Duis aute irure dolor in reprehenderit in voluptate velit esse<br />\r\ncillum dolore eu fugiat nulla pariatur. Excepteur sint occaecat cupidatat non<br />\r\nproident, sunt in culpa qui officia deserunt mollit anim id est laborum.Lorem ipsum dolor sit amet, consectetur adipisicing elit, sed do eiusmod<br />\r\ntempor incididunt ut labore et dolore magna aliqua. Ut enim ad minim veniam,<br />\r\nquis nostrud exercitation ullamco laboris nisi ut aliquip ex ea commodo<br />\r\nconsequat. Duis aute irure dolor in reprehenderit in voluptate velit esse<br />\r\ncillum dolore eu fugiat nulla pariatur. Excepteur sint occaecat cupidatat non<br />\r\nproident, sunt in culpa qui officia deserunt mollit anim id est laborum.Lorem ipsum dolor sit amet, consectetur adipisicing elit, sed do eiusmod<br />\r\ntempor incididunt ut labore et dolore magna aliqua. Ut enim ad minim veniam,<br />\r\nquis nostrud exercitation ullamco laboris nisi ut aliquip ex ea commodo<br />\r\nconsequat. Duis aute irure dolor in reprehenderit in voluptate velit esse<br />\r\ncillum dolore eu fugiat nulla pariatur. Excepteur sint occaecat cupidatat non<br />\r\nproident, sunt in culpa qui officia deserunt mollit anim id est laborum.Lorem ipsum dolor sit amet, consectetur adipisicing elit, sed do eiusmod<br />\r\ntempor incididunt ut labore et dolore magna aliqua. Ut enim ad minim veniam,<br />\r\nquis nostrud exercitation ullamco laboris nisi ut aliquip ex ea commodo<br />\r\nconsequat. Duis aute irure dolor in reprehenderit in voluptate velit esse<br />\r\ncillum dolore eu fugiat nulla pariatur. Excepteur sint occaecat cupidatat non<br />\r\nproident, sunt in culpa qui officia deserunt mollit anim id est laborum.</p>\r\n', 1, '', '2019-03-01 21:16:44', 24, '2019-03-01 21:16:44', 24),
(96, 1, 'What is IoT? 物联网是什么？', 'Lorem ipsum dolor sit amet, consectetur adipisicing elit, sed do eiusmod\r\ntempor incididunt ut labore et dolore magna aliqua. Ut enim ad minim veniam,\r\nquis nostrud exercitation ullamco laboris nisi ut aliquip ex ea commodo\r\nconsequat. Duis aute irure dolor in reprehenderit in voluptate velit esse\r\ncillum dolore eu fugiat nulla pariatur. Excepteur sint occaecat cupidatat non\r\nproident, sunt in culpa qui officia deserunt mollit anim id est laborum.Lorem ipsum dolor sit amet, consectetur adipisicing elit, sed do eiusmod\r\ntempor incididunt ut labore et dolore magna aliqua. Ut enim ad minim veniam,\r\nquis nostrud exercitation ullamco laboris nisi ut aliquip ex ea commodo\r\nconsequat. Duis aute irure dolor in reprehenderit in voluptate velit esse\r\ncillum dolore eu fugiat nulla pariatur. Excepteur sint occaecat cupidatat non\r\nproident, sunt in culpa qui officia deserunt mollit anim id est laborum.', 1, 'lambo_1.jpg', '2018-11-30 00:00:00', 1, '2018-11-30 00:00:00', 1),
(97, 1, 'Changing First letter to Upper case', 'Lorem ipsum dolor sit amet, consectetur adipisicing elit, sed do eiusmod\r\ntempor incididunt ut labore et dolore magna aliqua. Ut enim ad minim veniam,\r\nquis nostrud exercitation ullamco laboris nisi ut aliquip ex ea commodo\r\nconsequat. Duis aute irure dolor in reprehenderit in voluptate velit esse\r\ncillum dolore eu fugiat nulla pariatur. Excepteur sint occaecat cupidatat non\r\nproident, sunt in culpa qui officia deserunt mollit anim id est laborum.Lorem ipsum dolor sit amet, consectetur adipisicing elit, sed do eiusmod\r\ntempor incididunt ut labore et dolore magna aliqua. Ut enim ad minim veniam,\r\nquis nostrud exercitation ullamco laboris nisi ut aliquip ex ea commodo\r\nconsequat. Duis aute irure dolor in reprehenderit in voluptate velit esse\r\ncillum dolore eu fugiat nulla pariatur. Excepteur sint occaecat cupidatat non\r\nproident, sunt in culpa qui officia deserunt mollit anim id est laborum.', 1, '05.jpg', '2018-12-01 00:00:00', 2, '2018-12-01 00:00:00', 1),
(98, 2, 'My second posts', 'Lorem ipsum dolor sit amet, consectetur adipisicing elit, sed do eiusmod\r\ntempor incididunt ut labore et dolore magna aliqua. Ut enim ad minim veniam,\r\nquis nostrud exercitation ullamco laboris nisi ut aliquip ex ea commodo\r\nconsequat. Duis aute irure dolor in reprehenderit in voluptate velit esse\r\ncillum dolore eu fugiat nulla pariatur. Excepteur sint occaecat cupidatat non\r\nproident, sunt in culpa qui officia deserunt mollit anim id est laborum.Lorem ipsum dolor sit amet, consectetur adipisicing elit, sed do eiusmod\r\ntempor incididunt ut labore et dolore magna aliqua. Ut enim ad minim veniam,\r\nquis nostrud exercitation ullamco laboris nisi ut aliquip ex ea commodo\r\nconsequat. Duis aute irure dolor in reprehenderit in voluptate velit esse\r\ncillum dolore eu fugiat nulla pariatur. Excepteur sint occaecat cupidatat non\r\nproident, sunt in culpa qui officia deserunt mollit anim id est laborum.Lorem ipsum dolor sit amet, consectetur adipisicing elit, sed do eiusmod\r\ntempor incididunt ut labore et dolore magna aliqua. Ut enim ad minim veniam,\r\nquis nostrud exercitation ullamco laboris nisi ut aliquip ex ea commodo\r\nconsequat. Duis aute irure dolor in reprehenderit in voluptate velit esse\r\ncillum dolore eu fugiat nulla pariatur. Excepteur sint occaecat cupidatat non\r\nproident, sunt in culpa qui officia deserunt mollit anim id est laborum.', 1, '05.jpg', '2018-12-15 19:07:50', 1, '2018-12-15 19:07:50', 1),
(99, 1, 'What mean web based blog design?', 'Lorem ipsum dolor sit amet, consectetur adipisicing elit, sed do eiusmod\r\ntempor incididunt ut labore et dolore magna aliqua. Ut enim ad minim veniam,\r\nquis nostrud exercitation ullamco laboris nisi ut aliquip ex ea commodo\r\nconsequat. Duis aute irure dolor in reprehenderit in voluptate velit esse\r\ncillum dolore eu fugiat nulla pariatur. Excepteur sint occaecat cupidatat non\r\nproident, sunt in culpa qui officia deserunt mollit anim id est laborum.Lorem ipsum dolor sit amet, consectetur adipisicing elit, sed do eiusmod\r\ntempor incididunt ut labore et dolore magna aliqua. Ut enim ad minim veniam,\r\nquis nostrud exercitation ullamco laboris nisi ut aliquip ex ea commodo\r\nconsequat. Duis aute irure dolor in reprehenderit in voluptate velit esse\r\ncillum dolore eu fugiat nulla pariatur. Excepteur sint occaecat cupidatat non\r\nproident, sunt in culpa qui officia deserunt mollit anim id est laborum.Lorem ipsum dolor sit amet, consectetur adipisicing elit, sed do eiusmod\r\ntempor incididunt ut labore et dolore magna aliqua. Ut enim ad minim veniam,\r\nquis nostrud exercitation ullamco laboris nisi ut aliquip ex ea commodo\r\nconsequat. Duis aute irure dolor in reprehenderit in voluptate velit esse\r\ncillum dolore eu fugiat nulla pariatur. Excepteur sint occaecat cupidatat non\r\nproident, sunt in culpa qui officia deserunt mollit anim id est laborum.', 1, '702881e0b3df95464e711109abc51b6b.jpg', '2018-12-23 11:30:50', 1, '2018-12-23 11:30:50', 1),
(100, 1, 'Test One', 'Lorem ipsum dolor sit amet, consectetur adipisicing elit, sed do eiusmod\r\ntempor incididunt ut labore et dolore magna aliqua. Ut enim ad minim veniam,\r\nquis nostrud exercitation ullamco laboris nisi ut aliquip ex ea commodo\r\nconsequat. Duis aute irure dolor in reprehenderit in voluptate velit esse\r\ncillum dolore eu fugiat nulla pariatur. Excepteur sint occaecat cupidatat non\r\nproident, sunt in culpa qui officia deserunt mollit anim id est laborum.Lorem ipsum dolor sit amet, consectetur adipisicing elit, sed do eiusmod\r\ntempor incididunt ut labore et dolore magna aliqua. Ut enim ad minim veniam,\r\nquis nostrud exercitation ullamco laboris nisi ut aliquip ex ea commodo\r\nconsequat. Duis aute irure dolor in reprehenderit in voluptate velit esse\r\ncillum dolore eu fugiat nulla pariatur. Excepteur sint occaecat cupidatat non\r\nproident, sunt in culpa qui officia deserunt mollit anim id est laborum.Lorem ipsum dolor sit amet, consectetur adipisicing elit, sed do eiusmod\r\ntempor incididunt ut labore et dolore magna aliqua. Ut enim ad minim veniam,\r\nquis nostrud exercitation ullamco laboris nisi ut aliquip ex ea commodo\r\nconsequat. Duis aute irure dolor in reprehenderit in voluptate velit esse\r\ncillum dolore eu fugiat nulla pariatur. Excepteur sint occaecat cupidatat non\r\nproident, sunt in culpa qui officia deserunt mollit anim id est laborum.', 1, 'php.jpg', '2019-02-25 22:12:02', 2, '2019-02-25 22:16:23', 2),
(101, 2, 'PHP development began in 1994 when', 'Lorem ipsum dolor sit amet, consectetur adipisicing elit, sed do eiusmod\r\ntempor incididunt ut labore et dolore magna aliqua. Ut enim ad minim veniam,\r\nquis nostrud exercitation ullamco laboris nisi ut aliquip ex ea commodo\r\nconsequat. Duis aute irure dolor in reprehenderit in voluptate velit esse\r\ncillum dolore eu fugiat nulla pariatur. Excepteur sint occaecat cupidatat non\r\nproident, sunt in culpa qui officia deserunt mollit anim id est laborum.Lorem ipsum dolor sit amet, consectetur adipisicing elit, sed do eiusmod\r\ntempor incididunt ut labore et dolore magna aliqua. Ut enim ad minim veniam,\r\nquis nostrud exercitation ullamco laboris nisi ut aliquip ex ea commodo\r\nconsequat. Duis aute irure dolor in reprehenderit in voluptate velit esse\r\ncillum dolore eu fugiat nulla pariatur. Excepteur sint occaecat cupidatat non\r\nproident, sunt in culpa qui officia deserunt mollit anim id est laborum.Lorem ipsum dolor sit amet, consectetur adipisicing elit, sed do eiusmod\r\ntempor incididunt ut labore et dolore magna aliqua. Ut enim ad minim veniam,\r\nquis nostrud exercitation ullamco laboris nisi ut aliquip ex ea commodo\r\nconsequat. Duis aute irure dolor in reprehenderit in voluptate velit esse\r\ncillum dolore eu fugiat nulla pariatur. Excepteur sint occaecat cupidatat non\r\nproident, sunt in culpa qui officia deserunt mollit anim id est laborum.', 1, 'php7.jpg', '2019-02-25 22:17:18', 2, '2019-02-25 22:17:18', 2),
(102, 13, 'Python (programming language)', '<p><strong>Python</strong>&nbsp;is an&nbsp;<a href=\"https://en.wikipedia.org/wiki/Interpreted_language\">interpreted</a>,&nbsp;<a href=\"https://en.wikipedia.org/wiki/High-level_programming_language\">high-level</a>,&nbsp;<a href=\"https://en.wikipedia.org/wiki/General-purpose_programming_language\">general-purpose programming language</a>. Created by&nbsp;<a href=\"https://en.wikipedia.org/wiki/Guido_van_Rossum\">Guido van Rossum</a>&nbsp;and first released in 1991, Python has a design philosophy that emphasizes&nbsp;<a href=\"https://en.wikipedia.org/wiki/Code_readability\">code readability</a>, notably using&nbsp;<a href=\"https://en.wikipedia.org/wiki/Significant_whitespace\">significant whitespace</a>. It provides constructs that enable clear programming on both small and large scales.<a href=\"https://en.wikipedia.org/wiki/Python_(programming_language)#cite_note-AutoNT-7-26\">[26]</a>&nbsp;Van Rossum led the language community until stepping down as leader in July 2018.<a href=\"https://en.wikipedia.org/wiki/Python_(programming_language)#cite_note-27\">[27]</a><a href=\"https://en.wikipedia.org/wiki/Python_(programming_language)#cite_note-28\">[28]</a></p>\r\n\r\n<p>Python features a&nbsp;<a href=\"https://en.wikipedia.org/wiki/Dynamic_type\">dynamic type</a>&nbsp;system and automatic&nbsp;<a href=\"https://en.wikipedia.org/wiki/Memory_management\">memory management</a>. It supports multiple&nbsp;<a href=\"https://en.wikipedia.org/wiki/Programming_paradigm\">programming paradigms</a>, including&nbsp;<a href=\"https://en.wikipedia.org/wiki/Object-oriented_programming\">object-oriented</a>,&nbsp;<a href=\"https://en.wikipedia.org/wiki/Imperative_programming\">imperative</a>,&nbsp;<a href=\"https://en.wikipedia.org/wiki/Functional_programming\">functional</a>&nbsp;and&nbsp;<a href=\"https://en.wikipedia.org/wiki/Procedural_programming\">procedural</a>, and has a large and comprehensive&nbsp;<a href=\"https://en.wikipedia.org/wiki/Standard_library\">standard library</a>.<a href=\"https://en.wikipedia.org/wiki/Python_(programming_language)#cite_note-About-29\">[29]</a></p>\r\n\r\n<p>Python interpreters are available for many&nbsp;<a href=\"https://en.wikipedia.org/wiki/Operating_system\">operating systems</a>.&nbsp;<a href=\"https://en.wikipedia.org/wiki/CPython\">CPython</a>, the&nbsp;<a href=\"https://en.wikipedia.org/wiki/Reference_implementation\">reference implementation</a>&nbsp;of Python, is&nbsp;<a href=\"https://en.wikipedia.org/wiki/Open-source_software\">open source</a>&nbsp;software<a href=\"https://en.wikipedia.org/wiki/Python_(programming_language)#cite_note-30\">[30]</a>&nbsp;and has a community-based development model, as do nearly all of Python&#39;s other implementations. Python and CPython are managed by the non-profit&nbsp;<a href=\"https://en.wikipedia.org/wiki/Python_Software_Foundation\">Python Software Foundation</a>.</p>\r\n\r\n<p>Python was conceived in the late 1980s<a href=\"https://en.wikipedia.org/wiki/Python_(programming_language)#cite_note-venners-interview-pt-1-31\">[31]</a>&nbsp;by&nbsp;<a href=\"https://en.wikipedia.org/wiki/Guido_van_Rossum\">Guido van Rossum</a>&nbsp;at&nbsp;<a href=\"https://en.wikipedia.org/wiki/Centrum_Wiskunde_%26_Informatica\">Centrum Wiskunde &amp; Informatica</a>&nbsp;(CWI) in the&nbsp;<a href=\"https://en.wikipedia.org/wiki/Netherlands\">Netherlands</a>&nbsp;as a successor to the&nbsp;<a href=\"https://en.wikipedia.org/wiki/ABC_(programming_language)\">ABC language</a>&nbsp;(itself inspired by&nbsp;<a href=\"https://en.wikipedia.org/wiki/SETL\">SETL</a>)<a href=\"https://en.wikipedia.org/wiki/Python_(programming_language)#cite_note-AutoNT-12-32\">[32]</a>, capable of&nbsp;<a href=\"https://en.wikipedia.org/wiki/Exception_handling\">exception handling</a>&nbsp;and interfacing with the&nbsp;<a href=\"https://en.wikipedia.org/wiki/Amoeba_(operating_system)\">Amoeba</a>&nbsp;operating system.<a href=\"https://en.wikipedia.org/wiki/Python_(programming_language)#cite_note-faq-created-7\">[7]</a>&nbsp;Its implementation began in December 1989.<a href=\"https://en.wikipedia.org/wiki/Python_(programming_language)#cite_note-timeline-of-python-33\">[33]</a>&nbsp;Van Rossum&#39;s long influence on Python is reflected in the title given to him by the Python community:&nbsp;<em><a href=\"https://en.wikipedia.org/wiki/Benevolent_Dictator_For_Life\">Benevolent Dictator For Life</a></em>&nbsp;(BDFL)&nbsp;&ndash; a post from which he gave himself permanent vacation on July 12, 2018.<a href=\"https://en.wikipedia.org/wiki/Python_(programming_language)#cite_note-lj-bdfl-resignation-34\">[34]</a></p>\r\n\r\n<p>Python 2.0 was released on 16 October 2000 with many major new features, including a&nbsp;<a href=\"https://en.wikipedia.org/wiki/Cycle_detection\">cycle-detecting</a>&nbsp;<a href=\"https://en.wikipedia.org/wiki/Garbage_collection_(computer_science)\">garbage collector</a>&nbsp;and support for&nbsp;<a href=\"https://en.wikipedia.org/wiki/Unicode\">Unicode</a>.<a href=\"https://en.wikipedia.org/wiki/Python_(programming_language)#cite_note-newin-2.0-35\">[35]</a></p>\r\n\r\n<p>Python 3.0 was released on 3 December 2008. It was a major revision of the language that is not completely&nbsp;<a href=\"https://en.wikipedia.org/wiki/Backward_compatibility\">backward-compatible</a>.<a href=\"https://en.wikipedia.org/wiki/Python_(programming_language)#cite_note-3.0-release-36\">[36]</a>&nbsp;Many of its major features were&nbsp;<a href=\"https://en.wikipedia.org/wiki/Backporting\">backported</a>&nbsp;to Python 2.6.x<a href=\"https://en.wikipedia.org/wiki/Python_(programming_language)#cite_note-pep-3000-37\">[37]</a>&nbsp;and 2.7.x version series. Releases of Python 3 include the&nbsp;<code>2to3</code>&nbsp;utility, which automates (at least partially) the translation of Python 2 code to Python 3.<a href=\"https://en.wikipedia.org/wiki/Python_(programming_language)#cite_note-38\">[38]</a></p>\r\n\r\n<p>Python 2.7&#39;s&nbsp;<a href=\"https://en.wikipedia.org/wiki/End-of-life_(product)\">end-of-life</a>&nbsp;date was initially set at 2015 then postponed to 2020 out of concern that a large body of existing code could not easily be forward-ported to Python 3.<a href=\"https://en.wikipedia.org/wiki/Python_(programming_language)#cite_note-39\">[39]</a><a href=\"https://en.wikipedia.org/wiki/Python_(programming_language)#cite_note-40\">[40]</a>&nbsp;In January 2017, Google announced work on a Python 2.7 to&nbsp;<a href=\"https://en.wikipedia.org/wiki/Go_(programming_language)\">Go</a>&nbsp;<a href=\"https://en.wikipedia.org/wiki/Transcompiler\">transcompiler</a>&nbsp;to improve performance under concurrent workloads.<a href=\"https://en.wikipedia.org/wiki/Python_(programming_language)#cite_note-41\">[41]</a></p>\r\n', 1, '', '2019-03-02 14:21:17', 1, '2019-03-02 15:27:33', 1),
(103, 13, 'Features and philosophy in Python', '<p>Python is a&nbsp;<a href=\"https://en.wikipedia.org/wiki/Multi-paradigm_programming_language\">multi-paradigm programming language</a>.&nbsp;<a href=\"https://en.wikipedia.org/wiki/Object-oriented_programming\">Object-oriented programming</a>&nbsp;and&nbsp;<a href=\"https://en.wikipedia.org/wiki/Structured_programming\">structured programming</a>&nbsp;are fully supported, and many of its features support&nbsp;<a href=\"https://en.wikipedia.org/wiki/Functional_programming\">functional programming</a>&nbsp;and&nbsp;<a href=\"https://en.wikipedia.org/wiki/Aspect-oriented_programming\">aspect-oriented programming</a>&nbsp;(including by&nbsp;<a href=\"https://en.wikipedia.org/wiki/Metaprogramming\">metaprogramming</a><a href=\"https://en.wikipedia.org/wiki/Python_(programming_language)#cite_note-AutoNT-13-42\">[42]</a>&nbsp;and&nbsp;<a href=\"https://en.wikipedia.org/wiki/Metaobject\">metaobjects</a>&nbsp;(magic methods)).<a href=\"https://en.wikipedia.org/wiki/Python_(programming_language)#cite_note-AutoNT-14-43\">[43]</a>&nbsp;Many other paradigms are supported via extensions, including&nbsp;<a href=\"https://en.wikipedia.org/wiki/Design_by_contract\">design by contract</a><a href=\"https://en.wikipedia.org/wiki/Python_(programming_language)#cite_note-AutoNT-15-44\">[44]</a><a href=\"https://en.wikipedia.org/wiki/Python_(programming_language)#cite_note-AutoNT-16-45\">[45]</a>&nbsp;and&nbsp;<a href=\"https://en.wikipedia.org/wiki/Logic_programming\">logic programming</a>.<a href=\"https://en.wikipedia.org/wiki/Python_(programming_language)#cite_note-AutoNT-17-46\">[46]</a></p>\r\n\r\n<p>Python uses&nbsp;<a href=\"https://en.wikipedia.org/wiki/Dynamic_typing\">dynamic typing</a>, and a combination of&nbsp;<a href=\"https://en.wikipedia.org/wiki/Reference_counting\">reference counting</a>&nbsp;and a cycle-detecting garbage collector for&nbsp;<a href=\"https://en.wikipedia.org/wiki/Memory_management\">memory management</a>. It also features dynamic&nbsp;<a href=\"https://en.wikipedia.org/wiki/Name_resolution_(programming_languages)\">name resolution</a>&nbsp;(<a href=\"https://en.wikipedia.org/wiki/Late_binding\">late binding</a>), which binds method and variable names during program execution.</p>\r\n\r\n<p>Python&#39;s design offers some support for&nbsp;<a href=\"https://en.wikipedia.org/wiki/Functional_programming\">functional programming</a>&nbsp;in the&nbsp;<a href=\"https://en.wikipedia.org/wiki/Lisp_(programming_language)\">Lisp</a>&nbsp;tradition. It has&nbsp;<code>filter()</code>,&nbsp;<code>map()</code>, and&nbsp;<code>reduce()</code>&nbsp;functions;&nbsp;<a href=\"https://en.wikipedia.org/wiki/List_comprehension\">list comprehensions</a>,&nbsp;<a href=\"https://en.wikipedia.org/wiki/Associative_array\">dictionaries</a>, and sets; and&nbsp;<a href=\"https://en.wikipedia.org/wiki/Generator_(computer_programming)\">generator</a>&nbsp;expressions.<a href=\"https://en.wikipedia.org/wiki/Python_(programming_language)#cite_note-AutoNT-59-47\">[47]</a>&nbsp;The standard library has two modules (itertools and functools) that implement functional tools borrowed from&nbsp;<a href=\"https://en.wikipedia.org/wiki/Haskell_(programming_language)\">Haskell</a>&nbsp;and&nbsp;<a href=\"https://en.wikipedia.org/wiki/Standard_ML\">Standard ML</a>.<a href=\"https://en.wikipedia.org/wiki/Python_(programming_language)#cite_note-AutoNT-18-48\">[48]</a></p>\r\n\r\n<p>The language&#39;s core philosophy is summarized in the document&nbsp;<em>The&nbsp;<a href=\"https://en.wikipedia.org/wiki/Zen_of_Python\">Zen of Python</a></em>&nbsp;(<em>PEP 20</em>), which includes&nbsp;<a href=\"https://en.wikipedia.org/wiki/Aphorism\">aphorisms</a>&nbsp;such as:<a href=\"https://en.wikipedia.org/wiki/Python_(programming_language)#cite_note-PEP20-49\">[49]</a></p>\r\n\r\n<ul>\r\n	<li>Beautiful is better than ugly</li>\r\n	<li>Explicit is better than implicit</li>\r\n	<li>Simple is better than complex</li>\r\n	<li>Complex is better than complicated</li>\r\n	<li>Readability counts</li>\r\n</ul>\r\n\r\n<p>Rather than having all of its functionality built into its core, Python was designed to be highly&nbsp;<a href=\"https://en.wikipedia.org/wiki/Extensibility\">extensible</a>. This compact modularity has made it particularly popular as a means of adding programmable interfaces to existing applications. Van Rossum&#39;s vision of a small core language with a large standard library and easily extensible interpreter stemmed from his frustrations with&nbsp;<a href=\"https://en.wikipedia.org/wiki/ABC_(programming_language)\">ABC</a>, which espoused the opposite approach.<a href=\"https://en.wikipedia.org/wiki/Python_(programming_language)#cite_note-venners-interview-pt-1-31\">[31]</a></p>\r\n\r\n<p>While offering choice in coding methodology, the Python philosophy rejects exuberant syntax (such as that of&nbsp;<a href=\"https://en.wikipedia.org/wiki/Perl\">Perl</a>) in favor of a simpler, less-cluttered grammar. As&nbsp;<a href=\"https://en.wikipedia.org/wiki/Alex_Martelli\">Alex Martelli</a>&nbsp;put it: &quot;To describe something as &#39;clever&#39; is&nbsp;<em>not</em>&nbsp;considered a compliment in the Python culture.&quot;<a href=\"https://en.wikipedia.org/wiki/Python_(programming_language)#cite_note-AutoNT-19-50\">[50]</a>&nbsp;Python&#39;s philosophy rejects the Perl &quot;<a href=\"https://en.wikipedia.org/wiki/There_is_more_than_one_way_to_do_it\">there is more than one way to do it</a>&quot; approach to language design in favor of &quot;there should be one&mdash;and preferably only one&mdash;obvious way to do it&quot;.<a href=\"https://en.wikipedia.org/wiki/Python_(programming_language)#cite_note-PEP20-49\">[49]</a></p>\r\n\r\n<p>Python&#39;s developers strive to avoid&nbsp;<a href=\"https://en.wikipedia.org/wiki/Premature_optimization\">premature optimization</a>, and reject patches to non-critical parts of the&nbsp;<a href=\"https://en.wikipedia.org/wiki/CPython\">CPython</a>&nbsp;reference implementation that would offer marginal increases in speed at the cost of clarity.<a href=\"https://en.wikipedia.org/wiki/Python_(programming_language)#cite_note-AutoNT-20-51\">[51]</a>&nbsp;When speed is important, a Python programmer can move time-critical functions to extension modules written in languages such as C, or use&nbsp;<a href=\"https://en.wikipedia.org/wiki/PyPy\">PyPy</a>, a&nbsp;<a href=\"https://en.wikipedia.org/wiki/Just-in-time_compilation\">just-in-time compiler</a>.&nbsp;<a href=\"https://en.wikipedia.org/wiki/Cython\">Cython</a>&nbsp;is also available, which translates a Python script into C and makes direct C-level API calls into the Python interpreter.</p>\r\n\r\n<p>An important goal of Python&#39;s developers is keeping it fun to use. This is reflected in the language&#39;s name&mdash;a tribute to the British comedy group&nbsp;<a href=\"https://en.wikipedia.org/wiki/Monty_Python\">Monty Python</a><a href=\"https://en.wikipedia.org/wiki/Python_(programming_language)#cite_note-AutoNT-24-52\">[52]</a>&mdash;and in occasionally playful approaches to tutorials and reference materials, such as examples that refer to spam and eggs (from a&nbsp;<a href=\"https://en.wikipedia.org/wiki/Spam_(Monty_Python)\">famous Monty Python sketch</a>) instead of the standard&nbsp;<a href=\"https://en.wikipedia.org/wiki/Foobar\">foo and bar</a>.<a href=\"https://en.wikipedia.org/wiki/Python_(programming_language)#cite_note-53\">[53]</a><a href=\"https://en.wikipedia.org/wiki/Python_(programming_language)#cite_note-54\">[54]</a></p>\r\n\r\n<p>A common&nbsp;<a href=\"https://en.wikipedia.org/wiki/Neologism\">neologism</a>&nbsp;in the Python community is&nbsp;<em>pythonic</em>, which can have a wide range of meanings related to program style. To say that code is pythonic is to say that it uses Python idioms well, that it is natural or shows fluency in the language, that it conforms with Python&#39;s minimalist philosophy and emphasis on readability. In contrast, code that is difficult to understand or reads like a rough transcription from another programming language is called&nbsp;<em>unpythonic</em>.</p>\r\n', 1, '', '2019-03-02 15:22:04', 1, '2019-03-02 15:27:08', 1),
(104, 8, 'Arduino', '<p><strong>Arduino</strong>&nbsp;is an&nbsp;<a href=\"https://en.wikipedia.org/wiki/Open-source_hardware\">open-source hardware</a>&nbsp;and&nbsp;<a href=\"https://en.wikipedia.org/wiki/Open-source_software\">software</a>&nbsp;company, project and user community that designs and manufactures&nbsp;<a href=\"https://en.wikipedia.org/wiki/Single-board_microcontroller\">single-board microcontrollers</a>&nbsp;and&nbsp;<a href=\"https://en.wikipedia.org/wiki/Microcontroller\">microcontroller</a>&nbsp;kits for building digital devices and interactive objects that can sense and control both physically and digitally. Its products are licensed under the&nbsp;<a href=\"https://en.wikipedia.org/wiki/GNU_Lesser_General_Public_License\">GNU Lesser General Public License</a>&nbsp;(LGPL) or the&nbsp;<a href=\"https://en.wikipedia.org/wiki/GNU_General_Public_License\">GNU General Public License</a>&nbsp;(GPL),<a href=\"https://en.wikipedia.org/wiki/Arduino#cite_note-1\">[1]</a>&nbsp;permitting the manufacture of Arduino boards and software distribution by anyone. Arduino boards are available commercially in preassembled form or as&nbsp;<a href=\"https://en.wikipedia.org/wiki/Do-it-yourself\">do-it-yourself</a>&nbsp;(DIY) kits.</p>\r\n\r\n<p>Arduino board designs use a variety of microprocessors and controllers. The boards are equipped with sets of digital and analog&nbsp;<a href=\"https://en.wikipedia.org/wiki/Input/output\">input/output</a>&nbsp;(I/O) pins that may be interfaced to various expansion boards or&nbsp;<a href=\"https://en.wikipedia.org/wiki/Breadboards\">breadboards</a>&nbsp;(<em>shields</em>) and other circuits. The boards feature serial communications interfaces, including&nbsp;<a href=\"https://en.wikipedia.org/wiki/Universal_Serial_Bus\">Universal Serial Bus</a>&nbsp;(USB) on some models, which are also used for loading programs from personal computers. The microcontrollers are typically programmed using a dialect of features from the programming languages&nbsp;<a href=\"https://en.wikipedia.org/wiki/C_(programming_language)\">C</a>&nbsp;and&nbsp;<a href=\"https://en.wikipedia.org/wiki/C%2B%2B\">C++</a>. In addition to using traditional&nbsp;<a href=\"https://en.wikipedia.org/wiki/Compiler\">compiler</a>&nbsp;<a href=\"https://en.wikipedia.org/wiki/Toolchains\">toolchains</a>, the Arduino project provides an&nbsp;<a href=\"https://en.wikipedia.org/wiki/Integrated_development_environment\">integrated development environment</a>&nbsp;(IDE) based on the&nbsp;<a href=\"https://en.wikipedia.org/wiki/Processing_(programming_language)\">Processing</a>&nbsp;language project.</p>\r\n\r\n<p>The Arduino project started in 2003 as a program for students at the&nbsp;<a href=\"https://en.wikipedia.org/wiki/Interaction_Design_Institute_Ivrea\">Interaction Design Institute Ivrea</a>&nbsp;in&nbsp;<a href=\"https://en.wikipedia.org/wiki/Ivrea\">Ivrea</a>, Italy,<a href=\"https://en.wikipedia.org/wiki/Arduino#cite_note-kushner-2\">[2]</a>&nbsp;aiming to provide a low-cost and easy way for novices and professionals to create devices that interact with their environment using&nbsp;<a href=\"https://en.wikipedia.org/wiki/Sensor\">sensors</a>&nbsp;and&nbsp;<a href=\"https://en.wikipedia.org/wiki/Actuator\">actuators</a>. Common examples of such devices intended for beginner hobbyists include simple&nbsp;<a href=\"https://en.wikipedia.org/wiki/Robot\">robots</a>,&nbsp;<a href=\"https://en.wikipedia.org/wiki/Thermostat\">thermostats</a>&nbsp;and&nbsp;<a href=\"https://en.wikipedia.org/wiki/Motion_detector\">motion detectors</a>.</p>\r\n', 1, '', '2019-03-02 15:40:36', 1, '2019-03-02 15:40:36', 1),
(105, 2, 'My second posts', 'Lorem ipsum dolor sit amet, consectetur adipisicing elit, sed do eiusmod\r\ntempor incididunt ut labore et dolore magna aliqua. Ut enim ad minim veniam,\r\nquis nostrud exercitation ullamco laboris nisi ut aliquip ex ea commodo\r\nconsequat. Duis aute irure dolor in reprehenderit in voluptate velit esse\r\ncillum dolore eu fugiat nulla pariatur. Excepteur sint occaecat cupidatat non\r\nproident, sunt in culpa qui officia deserunt mollit anim id est laborum.Lorem ipsum dolor sit amet, consectetur adipisicing elit, sed do eiusmod\r\ntempor incididunt ut labore et dolore magna aliqua. Ut enim ad minim veniam,\r\nquis nostrud exercitation ullamco laboris nisi ut aliquip ex ea commodo\r\nconsequat. Duis aute irure dolor in reprehenderit in voluptate velit esse\r\ncillum dolore eu fugiat nulla pariatur. Excepteur sint occaecat cupidatat non\r\nproident, sunt in culpa qui officia deserunt mollit anim id est laborum.Lorem ipsum dolor sit amet, consectetur adipisicing elit, sed do eiusmod\r\ntempor incididunt ut labore et dolore magna aliqua. Ut enim ad minim veniam,\r\nquis nostrud exercitation ullamco laboris nisi ut aliquip ex ea commodo\r\nconsequat. Duis aute irure dolor in reprehenderit in voluptate velit esse\r\ncillum dolore eu fugiat nulla pariatur. Excepteur sint occaecat cupidatat non\r\nproident, sunt in culpa qui officia deserunt mollit anim id est laborum.', 1, '05.jpg', '2018-12-15 19:07:50', 1, '2018-12-15 19:07:50', 1),
(106, 2, 'PHP development began in 1994 when', 'Lorem ipsum dolor sit amet, consectetur adipisicing elit, sed do eiusmod\r\ntempor incididunt ut labore et dolore magna aliqua. Ut enim ad minim veniam,\r\nquis nostrud exercitation ullamco laboris nisi ut aliquip ex ea commodo\r\nconsequat. Duis aute irure dolor in reprehenderit in voluptate velit esse\r\ncillum dolore eu fugiat nulla pariatur. Excepteur sint occaecat cupidatat non\r\nproident, sunt in culpa qui officia deserunt mollit anim id est laborum.Lorem ipsum dolor sit amet, consectetur adipisicing elit, sed do eiusmod\r\ntempor incididunt ut labore et dolore magna aliqua. Ut enim ad minim veniam,\r\nquis nostrud exercitation ullamco laboris nisi ut aliquip ex ea commodo\r\nconsequat. Duis aute irure dolor in reprehenderit in voluptate velit esse\r\ncillum dolore eu fugiat nulla pariatur. Excepteur sint occaecat cupidatat non\r\nproident, sunt in culpa qui officia deserunt mollit anim id est laborum.Lorem ipsum dolor sit amet, consectetur adipisicing elit, sed do eiusmod\r\ntempor incididunt ut labore et dolore magna aliqua. Ut enim ad minim veniam,\r\nquis nostrud exercitation ullamco laboris nisi ut aliquip ex ea commodo\r\nconsequat. Duis aute irure dolor in reprehenderit in voluptate velit esse\r\ncillum dolore eu fugiat nulla pariatur. Excepteur sint occaecat cupidatat non\r\nproident, sunt in culpa qui officia deserunt mollit anim id est laborum.', 1, 'php7.jpg', '2019-02-25 22:17:18', 2, '2019-02-25 22:17:18', 2),
(107, 11, 'English Post', '<h2>What is Lorem Ipsum?</h2>\r\n\r\n<p><strong>Lorem Ipsum</strong>&nbsp;is simply dummy text of the printing and typesetting industry. Lorem Ipsum has been the industry&#39;s standard dummy text ever since the 1500s, when an unknown printer took a galley of type and scrambled it to make a type specimen book. It has survived not only five centuries, but also the leap into electronic typesetting, remaining essentially unchanged. It was popularised in the 1960s with the release of Letraset sheets containing Lorem Ipsum passages, and more recently with desktop publishing software like Aldus PageMaker including versions of Lorem Ipsum.</p>\r\n\r\n<h2>Where does it come from?</h2>\r\n\r\n<p>Contrary to popular belief, Lorem Ipsum is not simply random text. It has roots in a piece of classical Latin literature from 45 BC, making it over 2000 years old. Richard McClintock, a Latin professor at Hampden-Sydney College in Virginia, looked up one of the more obscure Latin words, consectetur, from a Lorem Ipsum passage, and going through the cites of the word in classical literature, discovered the undoubtable source. Lorem Ipsum comes from sections 1.10.32 and 1.10.33 of &quot;de Finibus Bonorum et Malorum&quot; (The Extremes of Good and Evil) by Cicero, written in 45 BC. This book is a treatise on the theory of ethics, very popular during the Renaissance. The first line of Lorem Ipsum, &quot;Lorem ipsum dolor sit amet..&quot;, comes from a line in section 1.10.32.</p>\r\n\r\n<p>The standard chunk of Lorem Ipsum used since the 1500s is reproduced below for those interested. Sections 1.10.32 and 1.10.33 from &quot;de Finibus Bonorum et Malorum&quot; by Cicero are also reproduced in their exact original form, accompanied by English versions from the 1914 translation by H. Rackham.</p>\r\n\r\n<h2>Why do we use it?</h2>\r\n\r\n<p>It is a long established fact that a reader will be distracted by the readable content of a page when looking at its layout. The point of using Lorem Ipsum is that it has a more-or-less normal distribution of letters, as opposed to using &#39;Content here, content here&#39;, making it look like readable English. Many desktop publishing packages and web page editors now use Lorem Ipsum as their default model text, and a search for &#39;lorem ipsum&#39; will uncover many web sites still in their infancy. Various versions have evolved over the years, sometimes by accident, sometimes on purpose (injected humour and the like).</p>\r\n\r\n<p>There are many variations of passages of Lorem Ipsum available, but the majority have suffered alteration in some form, by injected humour, or randomised words which don&#39;t look even slightly believable. If you are going to use a passage of Lorem Ipsum, you need to be sure there isn&#39;t anything embarrassing hidden in the middle of text. All the Lorem Ipsum generators on the Internet tend to repeat predefined chunks as necessary, making this the first true generator on the Internet. It uses a dictionary of over 200 Latin words, combined with a handful of model sentence structures, to generate Lorem Ipsum which looks reasonable. The generated Lorem Ipsum is therefore always free from repetition, injected humour, or non-characteristic words etc.</p>\r\n\r\n<p>&nbsp;</p>\r\n', 1, '', '2019-03-03 13:52:25', 24, '2019-03-03 13:52:25', 24);

-- --------------------------------------------------------

--
-- Table structure for table `settings`
--

CREATE TABLE `settings` (
  `id` int(11) NOT NULL,
  `post_per_page` int(4) NOT NULL,
  `daily_news_title` varchar(300) NOT NULL,
  `cn_daily_news_title` varchar(255) NOT NULL,
  `daily_news_content` text NOT NULL,
  `cn_daily_news_content` text NOT NULL,
  `admin_email` varchar(255) NOT NULL,
  `admin_email_password` varchar(355) NOT NULL,
  `mail_host` varchar(255) NOT NULL,
  `mail_encryption` varchar(20) NOT NULL,
  `mail_port_address` varchar(20) NOT NULL,
  `serials` varchar(57) NOT NULL
) ENGINE=InnoDB DEFAULT CHARSET=utf8;

--
-- Dumping data for table `settings`
--

INSERT INTO `settings` (`id`, `post_per_page`, `daily_news_title`, `cn_daily_news_title`, `daily_news_content`, `cn_daily_news_content`, `admin_email`, `admin_email_password`, `mail_host`, `mail_encryption`, `mail_port_address`, `serials`) VALUES
(1, 6, 'I would be grateful if a reas<strong>on to the downvote would be provide', '', '&lt;p&gt;I would be grateful if a reas&lt;strong&gt;on to the downvote would be provide&lt;/strong&gt;d. I never said that the things he attempted to do were good, but as far as I know, this works well. If not, kindly provide reasons, thanks. (Furthermore, comments on met&lt;strong&gt;hods and such are better off&lt;/strong&gt;&amp;nbsp;in comments, and not answers, though that&amp;#39;s just my opinion)&lt;/p&gt;\r\n', '', 'example@example.com', 'xxxxxxx', 'smtp-mail.outlook.com', 'TSL', '587', 'tQ4So4qd36hggCIA6zw9c7Y9M2yeSDL6V1rFJB88gF60hPQ4WgjG90YD2');

-- --------------------------------------------------------

--
-- Table structure for table `test`
--

CREATE TABLE `test` (
  `id` int(11) NOT NULL,
  `title` varchar(250) NOT NULL
) ENGINE=InnoDB DEFAULT CHARSET=utf8;

--
-- Dumping data for table `test`
--

INSERT INTO `test` (`id`, `title`) VALUES
(1, '          Lorem ipsum dolor sit amet, consectetur adipisicing elit, sed do eiusmod tempor incididunt ut labore et dolore magna aliqua. Ut enim ad minim veniam, quis nostrud exercitation ullamco laboris nisi ut aliquip ex ea commodo consequat. Duis au'),
(2, '          Lorem ipsum dolor sit amet, consectetur adipisicing elit, sed do eiusmod tempor incididunt ut labore et dolore magna aliqua. Ut enim ad minim veniam, quis nostrud exercitation ullamco laboris nisi ut aliquip ex ea commodo consequat. Duis au'),
(3, '          Lorem ipsum dolor sit amet, consectetur adipisicing elit, sed do eiusmod tempor incididunt ut labore et dolore magna aliqua. Ut enim ad minim veniam, quis nostrud exercitation ullamco laboris nisi ut aliquip ex ea commodo consequat. Duis au'),
(4, '          Lorem ipsum dolor sit amet, consectetur adipisicing elit, sed do eiusmod tempor incididunt ut labore et dolore magna aliqua. Ut enim ad minim veniam, quis nostrud exercitation ullamco laboris nisi ut aliquip ex ea commodo consequat. Duis au'),
(5, '          Lorem ipsum dolor sit amet, consectetur adipisicing elit, sed do eiusmod tempor incididunt ut labore et dolore magna aliqua. Ut enim ad minim veniam, quis nostrud exercitation ullamco laboris nisi ut aliquip ex ea commodo consequat. Duis au'),
(6, '          Lorem ipsum dolor sit amet, consectetur adipisicing elit, sed do eiusmod tempor incididunt ut labore et dolore magna aliqua. Ut enim ad minim veniam, quis nostrud exercitation ullamco laboris nisi ut aliquip ex ea commodo consequat. Duis au'),
(7, '          Lorem ipsum dolor sit amet, consectetur adipisicing elit, sed do eiusmod tempor incididunt ut labore et dolore magna aliqua. Ut enim ad minim veniam, quis nostrud exercitation ullamco laboris nisi ut aliquip ex ea commodo consequat. Duis au'),
(8, '          Lorem ipsum dolor sit amet, consectetur adipisicing elit, sed do eiusmod tempor incididunt ut labore et dolore magna aliqua. Ut enim ad minim veniam, quis nostrud exercitation ullamco laboris nisi ut aliquip ex ea commodo consequat. Duis au'),
(9, '          Lorem ipsum dolor sit amet, consectetur adipisicing elit, sed do eiusmod tempor incididunt ut labore et dolore magna aliqua. Ut enim ad minim veniam, quis nostrud exercitation ullamco laboris nisi ut aliquip ex ea commodo consequat. Duis au'),
(10, '          Lorem ipsum dolor sit amet, consectetur adipisicing elit, sed do eiusmod tempor incididunt ut labore et dolore magna aliqua. Ut enim ad minim veniam, quis nostrud exercitation ullamco laboris nisi ut aliquip ex ea commodo consequat. Duis au'),
(11, '          Lorem ipsum dolor sit amet, consectetur adipisicing elit, sed do eiusmod tempor incididunt ut labore et dolore magna aliqua. Ut enim ad minim veniam, quis nostrud exercitation ullamco laboris nisi ut aliquip ex ea commodo consequat. Duis au'),
(12, '          Lorem ipsum dolor sit amet, consectetur adipisicing elit, sed do eiusmod tempor incididunt ut labore et dolore magna aliqua. Ut enim ad minim veniam, quis nostrud exercitation ullamco laboris nisi ut aliquip ex ea commodo consequat. Duis au'),
(13, '          Lorem ipsum dolor sit amet, consectetur adipisicing elit, sed do eiusmod tempor incididunt ut labore et dolore magna aliqua. Ut enim ad minim veniam, quis nostrud exercitation ullamco laboris nisi ut aliquip ex ea commodo consequat. Duis au'),
(14, '          Lorem ipsum dolor sit amet, consectetur adipisicing elit, sed do eiusmod tempor incididunt ut labore et dolore magna aliqua. Ut enim ad minim veniam, quis nostrud exercitation ullamco laboris nisi ut aliquip ex ea commodo consequat. Duis au'),
(15, '          Lorem ipsum dolor sit amet, consectetur adipisicing elit, sed do eiusmod tempor incididunt ut labore et dolore magna aliqua. Ut enim ad minim veniam, quis nostrud exercitation ullamco laboris nisi ut aliquip ex ea commodo consequat. Duis au'),
(16, '          Lorem ipsum dolor sit amet, consectetur adipisicing elit, sed do eiusmod tempor incididunt ut labore et dolore magna aliqua. Ut enim ad minim veniam, quis nostrud exercitation ullamco laboris nisi ut aliquip ex ea commodo consequat. Duis au'),
(17, '          Lorem ipsum dolor sit amet, consectetur adipisicing elit, sed do eiusmod tempor incididunt ut labore et dolore magna aliqua. Ut enim ad minim veniam, quis nostrud exercitation ullamco laboris nisi ut aliquip ex ea commodo consequat. Duis au'),
(18, '          Lorem ipsum dolor sit amet, consectetur adipisicing elit, sed do eiusmod tempor incididunt ut labore et dolore magna aliqua. Ut enim ad minim veniam, quis nostrud exercitation ullamco laboris nisi ut aliquip ex ea commodo consequat. Duis au'),
(19, '          Lorem ipsum dolor sit amet, consectetur adipisicing elit, sed do eiusmod tempor incididunt ut labore et dolore magna aliqua. Ut enim ad minim veniam, quis nostrud exercitation ullamco laboris nisi ut aliquip ex ea commodo consequat. Duis au'),
(20, '          Lorem ipsum dolor sit amet, consectetur adipisicing elit, sed do eiusmod tempor incididunt ut labore et dolore magna aliqua. Ut enim ad minim veniam, quis nostrud exercitation ullamco laboris nisi ut aliquip ex ea commodo consequat. Duis au'),
(21, '          Lorem ipsum dolor sit amet, consectetur adipisicing elit, sed do eiusmod tempor incididunt ut labore et dolore magna aliqua. Ut enim ad minim veniam, quis nostrud exercitation ullamco laboris nisi ut aliquip ex ea commodo consequat. Duis au'),
(22, '          Lorem ipsum dolor sit amet, consectetur adipisicing elit, sed do eiusmod tempor incididunt ut labore et dolore magna aliqua. Ut enim ad minim veniam, quis nostrud exercitation ullamco laboris nisi ut aliquip ex ea commodo consequat. Duis au'),
(23, '          Lorem ipsum dolor sit amet, consectetur adipisicing elit, sed do eiusmod tempor incididunt ut labore et dolore magna aliqua. Ut enim ad minim veniam, quis nostrud exercitation ullamco laboris nisi ut aliquip ex ea commodo consequat. Duis au'),
(24, '          Lorem ipsum dolor sit amet, consectetur adipisicing elit, sed do eiusmod tempor incididunt ut labore et dolore magna aliqua. Ut enim ad minim veniam, quis nostrud exercitation ullamco laboris nisi ut aliquip ex ea commodo consequat. Duis au'),
(25, '          Lorem ipsum dolor sit amet, consectetur adipisicing elit, sed do eiusmod tempor incididunt ut labore et dolore magna aliqua. Ut enim ad minim veniam, quis nostrud exercitation ullamco laboris nisi ut aliquip ex ea commodo consequat. Duis au'),
(26, '          Lorem ipsum dolor sit amet, consectetur adipisicing elit, sed do eiusmod tempor incididunt ut labore et dolore magna aliqua. Ut enim ad minim veniam, quis nostrud exercitation ullamco laboris nisi ut aliquip ex ea commodo consequat. Duis au'),
(27, '          Lorem ipsum dolor sit amet, consectetur adipisicing elit, sed do eiusmod tempor incididunt ut labore et dolore magna aliqua. Ut enim ad minim veniam, quis nostrud exercitation ullamco laboris nisi ut aliquip ex ea commodo consequat. Duis au'),
(28, '          Lorem ipsum dolor sit amet, consectetur adipisicing elit, sed do eiusmod tempor incididunt ut labore et dolore magna aliqua. Ut enim ad minim veniam, quis nostrud exercitation ullamco laboris nisi ut aliquip ex ea commodo consequat. Duis au'),
(29, '          Lorem ipsum dolor sit amet, consectetur adipisicing elit, sed do eiusmod tempor incididunt ut labore et dolore magna aliqua. Ut enim ad minim veniam, quis nostrud exercitation ullamco laboris nisi ut aliquip ex ea commodo consequat. Duis au'),
(30, '          Lorem ipsum dolor sit amet, consectetur adipisicing elit, sed do eiusmod tempor incididunt ut labore et dolore magna aliqua. Ut enim ad minim veniam, quis nostrud exercitation ullamco laboris nisi ut aliquip ex ea commodo consequat. Duis au'),
(31, '          Lorem ipsum dolor sit amet, consectetur adipisicing elit, sed do eiusmod tempor incididunt ut labore et dolore magna aliqua. Ut enim ad minim veniam, quis nostrud exercitation ullamco laboris nisi ut aliquip ex ea commodo consequat. Duis au'),
(32, '          Lorem ipsum dolor sit amet, consectetur adipisicing elit, sed do eiusmod tempor incididunt ut labore et dolore magna aliqua. Ut enim ad minim veniam, quis nostrud exercitation ullamco laboris nisi ut aliquip ex ea commodo consequat. Duis au');

-- --------------------------------------------------------

--
-- Table structure for table `users`
--

CREATE TABLE `users` (
  `id` int(11) NOT NULL,
  `username` varchar(250) NOT NULL,
  `phone` varchar(250) NOT NULL,
  `email` varchar(450) NOT NULL,
  `password` varchar(350) NOT NULL,
  `firstname` varchar(250) NOT NULL,
  `lastname` varchar(250) NOT NULL,
  `address` varchar(255) NOT NULL,
  `profession` varchar(255) NOT NULL,
  `image` mediumtext NOT NULL,
  `status` int(11) NOT NULL DEFAULT '0',
  `emailVerified` int(11) NOT NULL DEFAULT '0',
  `token` varchar(250) NOT NULL,
  `role` varchar(250) NOT NULL DEFAULT 'users',
  `gender` varchar(250) NOT NULL,
  `registered_date` datetime NOT NULL
) ENGINE=InnoDB DEFAULT CHARSET=utf8;

--
-- Dumping data for table `users`
--

INSERT INTO `users` (`id`, `username`, `phone`, `email`, `password`, `firstname`, `lastname`, `address`, `profession`, `image`, `status`, `emailVerified`, `token`, `role`, `gender`, `registered_date`) VALUES
(1, 'admin', '130725645899', 'admin@admin.com', '$2y$13$UEEb9Uc.QeTb3jyqKJY.u.PhQPhsp8PB6wR06x1rTLBxWF38cNO8a', 'Beckyman', 'Admin', 'Nanjing', 'Designer', 'beresa.jpg', 1, 1, '', 'admin', 'male', '2018-11-22 00:00:00'),
(2, 'user1', '1256458956', 'user1@user1.com', '$2y$13$EV8M8FaSe1eVPbwz4uNi3es4b8ZisltzWdxHU/xt4uwBD0Sy2euAW', 'user1', 'user1lastname', 'namjing', 'programmer', 'boy.jpg', 1, 1, '', 'user', '男', '0000-00-00 00:00:00'),
(10, '陈', '', '1653078787@qq.com', '$2y$13$Zk7m4rmSgN8cuVSo4WkPHONjaLgI/RL9HfKFBb13FWerLsJL1gy1y', '陈金凤', '陈', '', 'student', 'girl.jpg', 0, 0, 'R78g3d3A1e', 'users', 'female', '2019-01-14 16:34:44'),
(14, 'hwxchy', '', 'hwxchy@qq.com', '$2y$13$9V64G7KFZisg/qjtf3fnse8FUsYMebWfxAk9zV6zbJm72TSyNRDZW', '胡万贤', '胡', '', 'student', 'boy.jpg', 0, 0, 'Rwrg87RtY2', 'users', 'male', '2019-01-24 16:21:43'),
(23, 'Beresa', '', 'roobaanuuf@gmail.com', '$2y$13$1gdI7yIhbFiXbfsBVNeAwuTBu9roYJr9QV.0tDYDUwKv3y/dDXpo6', 'Beresa', 'Abebe', '', 'student', 'boy.jpg', 0, 0, '96gQS0zry2P80S9GcgA19J4VtD43FDYw7CY8QBo4e6gqhgLj6MI6FWdh2', 'users', 'male', '2019-02-16 10:34:35'),
(24, 'ali', '1302635748291', 'ali@gmail.com', '$2y$13$UEEb9Uc.QeTb3jyqKJY.u.PhQPhsp8PB6wR06x1rTLBxWF38cNO8a', 'ali seid', 'kamal', 'nanjing', 'Web designer', '', 1, 1, '', 'users', 'male', '0000-00-00 00:00:00'),
(26, 'beresaabebe', '', 'beckyberesa@gmail.com', '1234567', 'Beresa', 'Abebe', '', '', 'boy.jpg', 1, 1, '', 'users', '', '2019-03-02 17:19:02'),
(27, 'luozexin', '', '1149940665@qq.com', '123456lzx', 'luozexin', 'luo', '', '', 'boy.jpg', 0, 0, 't4w2Q9h6qYSzJSL0gDP1ojF4GrMY6h30eQBg786CdVg26Dy4cIF989gWA', 'users', '', '2019-03-02 17:23:24');

--
-- Indexes for dumped tables
--

--
-- Indexes for table `categories`
--
ALTER TABLE `categories`
  ADD PRIMARY KEY (`id`);

--
-- Indexes for table `cn_categories`
--
ALTER TABLE `cn_categories`
  ADD PRIMARY KEY (`id`);

--
-- Indexes for table `cn_posts`
--
ALTER TABLE `cn_posts`
  ADD PRIMARY KEY (`id`),
  ADD KEY `category_id` (`post_category_id`);

--
-- Indexes for table `comments`
--
ALTER TABLE `comments`
  ADD PRIMARY KEY (`id`),
  ADD KEY `comments_ibfk_1` (`comment_author_id`),
  ADD KEY `comments_ibfk_2` (`comment_post_id`);

--
-- Indexes for table `posts`
--
ALTER TABLE `posts`
  ADD PRIMARY KEY (`id`),
  ADD KEY `category_id` (`post_category_id`);

--
-- Indexes for table `settings`
--
ALTER TABLE `settings`
  ADD PRIMARY KEY (`id`);

--
-- Indexes for table `test`
--
ALTER TABLE `test`
  ADD PRIMARY KEY (`id`);

--
-- Indexes for table `users`
--
ALTER TABLE `users`
  ADD PRIMARY KEY (`id`);

--
-- AUTO_INCREMENT for dumped tables
--

--
-- AUTO_INCREMENT for table `categories`
--
ALTER TABLE `categories`
  MODIFY `id` int(11) NOT NULL AUTO_INCREMENT, AUTO_INCREMENT=14;

--
-- AUTO_INCREMENT for table `cn_categories`
--
ALTER TABLE `cn_categories`
  MODIFY `id` int(11) NOT NULL AUTO_INCREMENT, AUTO_INCREMENT=16;

--
-- AUTO_INCREMENT for table `cn_posts`
--
ALTER TABLE `cn_posts`
  MODIFY `id` int(11) NOT NULL AUTO_INCREMENT, AUTO_INCREMENT=108;

--
-- AUTO_INCREMENT for table `comments`
--
ALTER TABLE `comments`
  MODIFY `id` int(11) NOT NULL AUTO_INCREMENT, AUTO_INCREMENT=39;

--
-- AUTO_INCREMENT for table `posts`
--
ALTER TABLE `posts`
  MODIFY `id` int(11) NOT NULL AUTO_INCREMENT, AUTO_INCREMENT=108;

--
-- AUTO_INCREMENT for table `settings`
--
ALTER TABLE `settings`
  MODIFY `id` int(11) NOT NULL AUTO_INCREMENT, AUTO_INCREMENT=2;

--
-- AUTO_INCREMENT for table `test`
--
ALTER TABLE `test`
  MODIFY `id` int(11) NOT NULL AUTO_INCREMENT, AUTO_INCREMENT=33;

--
-- AUTO_INCREMENT for table `users`
--
ALTER TABLE `users`
  MODIFY `id` int(11) NOT NULL AUTO_INCREMENT, AUTO_INCREMENT=28;

--
-- Constraints for dumped tables
--

--
-- Constraints for table `comments`
--
ALTER TABLE `comments`
  ADD CONSTRAINT `comments_ibfk_1` FOREIGN KEY (`comment_author_id`) REFERENCES `users` (`id`) ON DELETE CASCADE ON UPDATE CASCADE,
  ADD CONSTRAINT `comments_ibfk_2` FOREIGN KEY (`comment_post_id`) REFERENCES `posts` (`id`) ON DELETE CASCADE ON UPDATE CASCADE;

--
-- Constraints for table `posts`
--
ALTER TABLE `posts`
  ADD CONSTRAINT `posts_ibfk_1` FOREIGN KEY (`post_category_id`) REFERENCES `categories` (`id`) ON DELETE NO ACTION ON UPDATE NO ACTION;
COMMIT;

/*!40101 SET CHARACTER_SET_CLIENT=@OLD_CHARACTER_SET_CLIENT */;
/*!40101 SET CHARACTER_SET_RESULTS=@OLD_CHARACTER_SET_RESULTS */;
/*!40101 SET COLLATION_CONNECTION=@OLD_COLLATION_CONNECTION */;
